,Tempo,Memoria Utilizada (GB),Percentual Global de Processamento Utilizado,Latência REST API (ms),Latência couchdb0 (ms),Latência couchdb1 (ms),Latência couchdb2 (ms),Latência couchdb3 (ms),Latência peer0 (ms),Latência peer1 (ms),Latência peer2 (ms),Latência peer3 (ms)
0,0,4.3282928466796875,0.0,0.51,0.8,0.34,0.27,0.31,0.33,0.28,0.29,0.42
1,1,4.328639984130859,19.1,0.06,1.05,0.25,0.33,0.25,0.3,0.23,0.29,0.23
2,2,4.328639984130859,4.4,0.06,1.01,0.25,0.31,0.25,0.28,0.23,0.22,0.23
3,3,4.328521728515625,26.9,0.06,1.03,0.28,0.25,0.23,0.25,0.22,0.23,0.22
4,4,4.328521728515625,18.5,0.06,1.13,0.25,0.3,0.5,0.56,0.26,0.24,0.32
5,5,4.328521728515625,15.6,0.06,1.51,0.27,0.51,0.26,0.26,0.23,0.24,0.22
6,6,4.328758239746094,26.3,0.06,0.97,0.29,0.23,0.24,0.24,0.21,0.22,0.23
7,7,4.34844970703125,82.7,0.07,1.11,0.26,0.29,0.25,0.25,0.23,0.23,0.2
8,8,4.34844970703125,4.2,0.09,1.29,0.2,0.21,0.19,0.28,0.19,0.43,0.35
9,9,4.351310729980469,24.2,0.05,0.52,0.15,0.16,0.13,0.22,0.13,0.14,0.12
10,10,4.362041473388672,82.3,0.06,0.96,0.32,0.23,0.28,0.25,0.28,0.22,0.21
11,11,4.362026214599609,3.2,0.06,0.03,1.11,0.13,0.12,0.12,0.17,0.12,0.12
12,12,4.362144470214844,4.3,0.06,0.03,0.05,0.03,1.12,0.17,0.12,0.13,0.15
13,13,4.362144470214844,13.0,0.06,0.03,0.03,0.12,2.03,0.2,0.27,0.19,0.16
14,14,4.362144470214844,4.3,0.07,0.04,0.04,1.24,0.15,0.27,0.14,0.15,0.15
15,15,4.362129211425781,3.3,0.08,0.04,0.04,1.56,0.18,0.24,0.17,0.17,0.23
16,16,4.362129211425781,5.6,0.06,1.13,0.17,0.15,0.34,0.36,0.17,0.12,0.3
17,17,4.36224365234375,2.3,0.08,0.03,0.03,0.03,0.02,1.31,0.12,0.12,0.12
18,18,4.36224365234375,5.3,0.07,0.04,0.03,0.11,1.39,0.14,0.16,0.14,0.14
19,19,4.362361907958984,3.2,0.06,3.49,0.5,0.53,0.31,0.28,0.46,0.26,0.35
20,20,4.362361907958984,2.2,0.06,1.18,0.25,0.3,0.24,0.3,0.22,0.23,0.23
21,21,4.362480163574219,3.3,0.08,1.2,0.18,0.17,0.32,0.24,0.33,0.31,0.37
22,22,4.350978851318359,12.8,0.08,0.03,0.02,0.02,0.02,0.02,1.33,0.13,0.13
23,23,4.350933074951172,36.8,0.06,0.83,0.13,0.13,0.13,0.15,0.12,0.13,0.12
24,24,4.350921630859375,37.1,0.08,0.03,0.04,0.04,1.24,0.13,0.17,0.14,0.13
25,25,4.350917816162109,1.1,0.13,1.01,0.25,0.24,0.26,0.26,0.31,0.22,0.2
26,26,4.351154327392578,6.7,0.06,0.03,0.03,0.03,0.03,0.03,1.38,0.13,0.16
27,27,4.351146697998047,7.9,0.07,1.02,0.25,0.24,0.24,0.27,0.22,0.22,0.34
28,28,4.351264953613281,17.2,0.07,0.03,0.04,0.05,1.73,0.37,0.17,0.16,0.16
29,29,4.351261138916016,29.5,0.06,0.94,0.24,0.42,0.23,0.23,0.23,0.22,0.3
30,30,4.351261138916016,33.3,0.06,1.26,0.16,0.15,0.2,1.12,0.13,0.14,0.18
31,31,4.351375579833984,23.2,0.08,0.88,0.23,0.23,0.23,0.24,0.22,0.26,0.22
32,32,4.351253509521484,24.7,0.06,0.03,0.03,0.02,0.02,0.02,1.36,0.14,0.12
33,33,4.351249694824219,15.1,0.06,1.12,0.37,0.25,0.29,0.24,0.21,0.21,0.21
34,34,4.351249694824219,40.4,0.08,0.32,0.13,0.13,0.14,0.13,0.14,0.19,0.13
35,35,4.351249694824219,3.3,0.09,1.43,0.3,0.23,0.4,0.22,0.22,0.22,0.25
36,36,4.3513641357421875,2.2,0.06,0.98,0.14,0.13,0.13,0.18,0.13,0.13,0.29
37,37,4.3513641357421875,81.4,0.44,0.3,0.28,0.23,0.71,0.3,0.22,0.23,0.22
38,38,4.351345062255859,13.7,0.06,1.24,0.32,0.26,0.32,0.26,0.32,0.23,0.29
39,39,4.351463317871094,3.3,0.08,1.46,0.21,0.19,0.18,0.26,0.36,0.36,0.19
40,40,4.351451873779297,35.4,0.06,1.09,0.35,0.34,0.32,0.34,0.22,0.25,0.35
41,41,4.351451873779297,16.0,0.07,0.04,0.04,1.42,0.17,0.16,0.15,0.16,0.24
42,42,4.3514404296875,16.5,0.06,0.03,0.03,0.02,0.02,1.66,0.2,0.14,0.13
43,43,4.3514404296875,9.6,0.06,2.01,0.36,0.45,0.17,0.4,0.22,0.42,0.25
44,44,4.351558685302734,5.5,0.04,0.03,0.03,0.03,0.03,1.87,0.21,0.14,0.13
45,45,4.349903106689453,16.3,0.09,0.03,0.03,0.03,0.04,1.56,0.18,0.14,0.15
46,46,4.349903106689453,8.4,0.09,1.57,0.45,0.44,0.19,0.26,0.18,0.28,0.17
47,47,4.3490753173828125,18.1,0.06,1.04,0.27,0.24,0.3,0.25,0.42,0.24,0.3
48,48,4.3490753173828125,28.7,0.06,0.03,0.03,0.03,0.02,1.37,0.16,0.19,0.15
49,49,4.350486755371094,27.2,0.16,1.74,0.55,0.37,0.35,0.39,0.51,0.66,0.58
50,50,4.3506011962890625,19.4,0.06,1.27,0.37,0.45,0.25,0.34,0.24,0.32,0.23
51,51,4.350597381591797,22.9,0.59,0.5,0.24,0.27,0.25,0.3,0.23,0.22,0.23
52,52,4.350597381591797,20.9,0.06,0.99,0.3,0.26,0.29,0.25,0.29,0.22,0.22
53,53,4.3507080078125,71.4,0.06,0.03,0.03,0.02,0.02,0.05,0.62,0.13,0.12
54,54,4.350830078125,17.7,0.07,1.09,0.27,0.33,0.24,0.35,0.23,0.28,0.22
55,55,4.3508148193359375,23.4,0.07,1.01,0.45,0.15,0.15,0.26,0.15,0.38,0.3
56,56,4.3508148193359375,18.5,0.06,0.96,1.34,0.68,0.24,0.25,0.22,0.22,0.22
57,57,4.350933074951172,60.0,0.06,1.34,0.36,0.25,0.6,0.26,0.22,0.23,0.31
58,58,4.350933074951172,78.4,0.99,0.98,0.35,0.34,0.34,0.36,0.34,0.3,0.28
59,59,4.350925445556641,11.6,0.06,0.03,0.03,0.04,1.34,0.14,0.17,0.12,0.12
60,60,4.350925445556641,12.9,0.06,1.04,0.25,0.31,0.23,0.3,0.23,0.22,0.22
61,61,4.350925445556641,38.0,0.06,1.1,0.27,0.24,0.27,0.24,0.26,0.22,0.21
62,62,4.350921630859375,23.1,0.07,1.47,0.66,0.53,0.28,0.25,0.53,0.3,0.23
63,63,4.351039886474609,6.7,0.06,0.81,0.25,0.31,0.24,0.31,0.23,0.22,0.23
64,64,4.351016998291016,34.7,0.05,1.01,0.29,0.24,0.27,0.24,0.29,0.27,0.35
65,65,4.351016998291016,35.1,0.06,0.03,0.03,0.02,0.03,0.02,1.69,0.13,0.12
66,66,4.351016998291016,14.3,0.07,1.44,0.33,0.35,0.27,0.38,0.26,0.46,0.26
67,67,4.351016998291016,15.1,0.06,2.65,0.37,0.38,0.3,0.44,0.28,0.34,0.36
68,68,4.35101318359375,76.8,0.07,1.31,0.29,0.28,0.34,0.29,0.14,0.21,0.14
69,69,4.351009368896484,3.2,0.09,1.49,0.38,0.35,0.55,0.17,0.2,0.4,0.32
70,70,4.351005554199219,5.4,0.08,1.46,0.45,0.43,0.36,0.23,0.2,1.07,0.34
71,71,4.3512420654296875,5.3,0.08,0.04,1.61,0.24,0.18,0.18,0.19,0.25,0.2
72,72,4.3512420654296875,14.6,0.08,0.03,0.03,0.03,0.07,1.34,0.12,0.13,0.12
73,73,4.3512420654296875,3.4,0.06,1.17,0.28,0.59,0.46,0.29,0.44,0.23,0.24
74,74,4.351356506347656,10.8,0.08,0.94,0.15,0.14,0.14,0.13,0.13,0.13,0.13
75,75,4.351356506347656,13.2,0.09,1.66,0.5,0.47,0.35,0.34,0.43,0.39,0.31
76,76,4.351451873779297,23.2,0.09,0.45,0.34,0.39,0.38,0.33,0.37,0.31,0.31
77,77,4.351451873779297,8.6,0.06,2.27,0.31,0.29,0.23,0.28,0.22,0.23,0.28
78,78,4.351451873779297,11.8,1.43,1.1,0.5,0.54,0.39,0.4,0.37,0.45,1.18
79,79,4.3546295166015625,37.9,0.06,1.34,0.35,0.24,0.25,0.23,0.27,0.22,1.23
80,80,4.3546295166015625,40.2,0.06,1.06,0.68,0.24,0.29,0.25,0.52,0.23,0.28
81,81,4.354621887207031,16.3,0.05,1.14,0.36,0.26,0.28,0.25,0.22,0.22,0.22
82,82,4.354621887207031,17.9,0.06,1.21,0.25,0.34,0.24,0.32,0.33,0.31,0.22
83,83,4.354618072509766,6.6,0.06,0.03,0.03,0.03,0.02,1.4,0.13,0.17,0.12
84,84,4.354610443115234,7.8,0.08,0.05,1.59,0.22,0.2,0.21,0.26,0.2,0.19
85,85,4.354606628417969,3.2,0.09,1.71,0.25,0.28,0.23,0.29,0.23,0.22,0.25
86,86,4.3548431396484375,59.6,0.06,0.99,0.24,0.23,0.23,0.24,0.21,0.28,0.23
87,87,4.354953765869141,42.1,0.07,1.28,0.29,0.32,0.24,0.32,0.23,0.29,0.22
88,88,4.355049133300781,28.4,0.06,1.62,0.54,0.24,0.24,0.24,0.39,0.21,0.93
89,89,4.355049133300781,4.4,0.06,0.04,0.03,0.03,1.6,0.32,0.16,0.14,0.2
90,90,4.35516357421875,3.4,0.09,2.12,0.27,0.24,0.25,0.24,0.25,0.22,0.28
91,91,4.35516357421875,6.8,0.06,1.32,0.36,0.28,0.29,0.23,0.3,0.23,0.24
92,92,4.35516357421875,20.2,0.07,1.65,0.26,0.29,0.23,0.31,0.23,0.22,0.23
93,93,4.35516357421875,14.3,0.06,0.95,0.36,0.24,0.29,0.23,0.33,0.21,0.21
94,94,4.355140686035156,26.4,0.07,1.03,0.25,0.24,0.25,0.24,0.23,0.22,0.32
95,95,4.356433868408203,35.9,0.08,0.47,0.44,0.36,0.35,0.43,0.42,0.8,0.34
96,96,4.356433868408203,9.5,0.06,1.09,0.25,0.3,0.24,0.3,0.23,0.32,0.23
97,97,4.356422424316406,25.8,0.1,1.12,0.42,0.28,0.37,0.3,0.23,0.23,0.35
98,98,4.356422424316406,11.0,0.08,1.45,0.51,0.18,0.25,0.17,0.17,0.34,0.17
99,99,4.3567352294921875,28.9,0.06,1.03,0.27,0.25,0.27,0.42,0.26,0.31,0.22
100,100,4.356594085693359,22.8,0.06,0.97,0.27,0.24,0.27,0.24,0.69,0.22,0.22
101,101,4.3565826416015625,43.0,1.77,1.02,0.53,3.98,0.47,0.66,0.45,0.31,1.7
102,102,4.356502532958984,58.9,0.06,1.29,0.46,0.24,0.24,0.24,0.22,0.39,0.33
103,103,4.358730316162109,57.6,0.06,0.99,0.24,0.24,0.24,3.25,0.3,0.23,0.22
104,104,4.358844757080078,57.4,0.06,0.95,0.29,0.24,0.32,0.24,0.22,0.21,0.22
105,105,4.359058380126953,53.8,0.07,1.59,0.35,0.27,0.27,0.28,0.25,0.26,0.41
106,106,4.359058380126953,41.3,0.06,0.81,0.17,0.13,0.12,0.12,0.24,0.13,0.13
107,107,4.358695983886719,19.1,2.6,1.71,1.54,0.8,0.81,0.67,0.69,0.88,0.45
108,108,4.358695983886719,7.9,0.1,1.02,0.25,0.42,0.34,0.34,0.25,0.24,0.28
109,109,4.3585662841796875,20.9,0.06,1.06,0.25,0.24,0.23,0.24,0.27,0.22,0.28
110,110,4.364658355712891,54.7,0.04,0.03,0.02,0.02,0.02,0.02,0.03,1.96,0.13
111,111,4.375324249267578,47.4,0.07,0.03,0.04,0.03,0.02,1.38,0.2,0.14,0.14
112,112,4.375324249267578,14.6,0.08,1.17,0.26,0.25,0.25,0.26,0.24,0.24,0.23
113,113,4.381103515625,56.1,0.04,0.45,0.13,0.15,0.13,0.18,0.12,0.12,0.12
114,114,4.355602264404297,60.8,0.06,0.03,0.03,0.02,0.02,0.02,0.03,1.15,0.03
115,115,4.368328094482422,100.0,0.04,0.03,0.03,0.02,0.02,0.02,0.03,0.03,0.03
116,116,4.373767852783203,56.2,0.09,0.1,0.57,0.29,0.13,0.13,0.12,0.13,0.12
117,117,4.375377655029297,26.0,0.06,0.03,0.03,0.02,0.02,0.06,1.44,0.13,0.16
118,118,4.375373840332031,4.2,0.1,1.69,0.38,0.38,0.44,0.46,0.35,0.35,0.21
119,119,4.3780364990234375,75.8,0.08,0.04,0.04,0.93,0.15,0.12,0.13,0.12,0.12
120,120,4.3813934326171875,56.1,0.04,0.03,0.03,0.73,0.03,0.27,0.03,0.25,0.05
121,121,4.3851776123046875,80.4,0.07,0.98,0.25,0.24,0.24,0.25,0.22,0.23,0.27
122,122,4.389621734619141,67.7,0.06,0.45,0.12,0.27,0.13,0.12,0.13,0.13,0.16
123,123,4.389617919921875,2.2,0.07,0.04,0.03,1.35,0.17,0.21,0.15,0.15,0.15
124,124,4.389739990234375,6.5,0.05,0.03,0.03,0.03,0.03,0.12,0.12,0.12,0.17
125,125,4.394046783447266,80.0,0.05,1.0,0.39,0.25,0.26,0.26,0.23,0.22,0.21
126,126,4.394794464111328,72.2,0.06,3.41,0.16,0.21,0.13,0.14,0.12,0.12,0.12
127,127,4.367210388183594,61.2,0.06,0.03,0.03,0.08,0.02,1.31,0.13,0.17,0.12
128,128,4.368488311767578,58.2,0.09,0.85,0.23,0.24,0.23,0.22,0.28,0.23,0.32
129,129,4.368488311767578,4.3,0.07,0.03,0.03,0.03,0.03,1.32,0.13,0.13,0.13
130,130,4.369590759277344,37.5,0.06,0.95,0.34,0.31,0.12,0.16,0.13,0.13,0.13
131,131,4.370124816894531,55.7,0.04,2.41,0.31,0.33,0.12,0.11,0.19,0.28,0.3
132,132,4.370361328125,100.0,0.06,0.72,0.23,0.24,0.23,0.26,0.22,0.29,0.22
133,133,4.370418548583984,57.7,0.05,0.03,0.03,0.02,0.02,0.02,0.03,1.14,0.03
134,134,4.371192932128906,41.7,0.07,0.03,0.04,0.03,0.83,0.03,0.63,0.13,0.12
135,135,4.371429443359375,3.2,0.07,0.05,0.03,0.04,1.38,0.16,0.4,0.15,0.15
136,136,4.379688262939453,57.7,0.04,0.49,0.34,0.12,0.12,0.12,0.12,0.18,0.12
137,137,4.385120391845703,60.4,0.04,2.85,0.37,0.16,0.18,0.18,0.19,0.16,0.14
138,138,4.388427734375,100.0,0.05,0.61,0.24,0.27,0.24,0.31,0.24,0.22,0.23
139,139,4.389610290527344,69.8,0.06,0.03,0.03,0.03,0.03,1.29,0.13,0.13,0.12
140,140,4.390613555908203,74.7,0.19,1.42,0.24,0.22,0.45,0.83,0.24,0.75,0.3
141,141,4.390850067138672,2.2,0.06,0.03,0.03,0.03,0.03,1.32,0.13,0.12,0.17
142,142,4.393848419189453,32.3,0.05,0.03,0.03,0.02,0.02,0.02,1.04,0.03,0.02
143,143,4.397907257080078,72.9,0.06,0.88,0.39,0.24,0.32,0.24,0.31,0.25,0.31
144,144,4.399192810058594,86.9,0.06,0.03,0.03,0.03,0.06,1.29,0.16,0.12,0.12
145,145,4.39996337890625,63.2,0.06,0.03,0.03,0.02,0.02,0.03,0.02,1.1,0.03
146,146,4.401142120361328,50.5,0.06,0.98,0.23,0.22,0.23,0.26,0.3,0.25,0.33
147,147,4.401496887207031,10.8,0.06,0.03,0.04,1.6,0.15,0.13,0.12,0.12,0.12
148,148,4.4049530029296875,47.9,0.06,0.03,0.03,0.02,0.02,0.06,0.02,1.37,0.03
149,149,4.406181335449219,57.3,0.05,0.03,0.03,0.02,0.02,0.02,1.02,0.03,0.02
150,150,4.407680511474609,56.3,0.06,0.03,0.03,0.02,0.02,0.02,0.97,0.03,0.02
151,151,4.4080352783203125,2.1,0.07,0.03,0.03,0.03,0.02,0.02,1.88,0.17,0.14
152,152,4.411060333251953,50.0,0.07,1.38,0.4,0.54,0.29,0.83,0.39,0.23,0.19
153,153,4.411724090576172,70.2,2.32,1.51,3.61,1.31,0.36,0.36,0.53,0.45,2.08
154,154,4.412651062011719,97.0,0.06,0.03,0.03,0.03,0.02,0.03,1.16,0.03,0.03
155,155,4.413379669189453,55.7,0.05,0.03,0.03,0.03,0.02,0.03,1.99,0.15,0.12
156,156,4.414302825927734,35.4,0.07,0.58,0.16,0.16,0.16,0.16,0.3,0.16,0.17
157,157,4.41229248046875,2.2,0.08,1.12,0.17,0.16,0.16,0.15,0.38,0.35,0.16
158,158,4.413780212402344,54.1,0.05,2.65,0.15,0.13,0.14,0.12,0.12,0.12,0.17
159,159,4.414493560791016,56.2,0.05,0.03,0.03,0.02,0.02,0.02,1.0,0.03,0.03
160,160,4.4150238037109375,99.0,0.06,1.06,0.38,0.25,0.33,0.25,0.31,0.22,0.29
161,161,4.4162139892578125,58.8,0.06,0.56,0.24,0.24,0.24,0.25,0.32,0.21,0.28
162,162,4.416328430175781,13.7,0.07,2.13,0.33,0.32,0.3,0.33,0.38,0.5,0.26
163,163,4.417186737060547,3.2,0.07,0.03,0.03,0.03,0.03,0.03,2.12,0.13,0.12
164,164,4.420063018798828,82.7,0.06,2.46,0.25,0.45,0.24,0.31,0.24,0.28,0.22
165,165,4.428012847900391,69.0,0.06,0.49,1.83,0.35,0.12,0.15,0.12,0.12,0.12
166,166,4.428398132324219,57.7,0.06,0.96,0.13,0.18,0.13,0.12,0.12,0.13,1.37
167,167,4.434925079345703,56.7,0.09,0.04,0.04,1.4,0.18,0.17,0.16,0.16,0.16
168,168,4.434925079345703,3.2,0.08,0.04,0.04,1.32,0.17,0.16,0.16,0.16,0.17
169,169,4.438240051269531,45.3,0.06,4.59,0.38,0.14,0.12,0.12,0.12,0.12,0.12
170,170,4.439109802246094,56.1,0.06,0.77,0.37,0.3,0.31,0.37,0.29,0.27,0.26
171,171,4.4403228759765625,99.0,0.06,0.03,0.03,0.03,0.02,0.02,0.03,1.19,0.03
172,172,4.442222595214844,56.2,0.04,0.03,0.03,0.02,0.02,0.02,0.02,0.02,1.18
173,173,4.443031311035156,28.0,0.08,0.54,0.14,0.18,0.13,0.14,0.13,0.13,0.14
174,174,4.443370819091797,3.2,0.06,0.03,0.03,0.03,1.19,0.15,0.14,0.14,0.14
175,175,4.447490692138672,68.8,0.04,0.03,0.02,0.88,0.13,0.12,0.12,0.12,0.12
176,176,4.447273254394531,58.2,0.05,0.03,0.03,0.02,0.02,0.02,1.02,0.03,0.02
177,177,4.448238372802734,89.8,0.06,2.35,0.24,0.44,0.34,0.33,1.27,0.25,0.23
178,178,4.4497833251953125,60.6,0.06,0.03,0.04,0.03,0.92,0.03,0.29,0.03,0.02
179,179,4.450103759765625,2.2,0.05,0.03,0.03,0.03,1.25,0.16,0.14,0.28,0.14
180,180,4.453010559082031,9.5,0.06,0.03,0.03,0.03,0.02,0.02,1.46,0.14,0.12
181,181,4.458606719970703,81.6,0.06,0.03,0.03,0.02,0.03,0.02,1.43,0.18,0.15
182,182,4.462944030761719,75.0,0.06,0.03,0.02,0.02,0.02,0.02,0.03,1.09,0.03
183,183,4.464485168457031,63.9,0.11,0.04,0.03,1.26,0.17,0.16,0.21,0.16,0.16
184,184,4.465427398681641,57.1,0.06,0.03,0.03,0.03,0.04,0.99,0.03,0.29,0.03
185,185,4.465435028076172,2.1,1.03,0.33,0.23,0.24,0.29,0.48,0.22,0.75,0.29
186,186,4.465930938720703,37.6,0.06,2.86,0.31,0.33,0.12,0.2,0.12,0.12,0.12
187,187,4.465854644775391,56.6,0.06,0.03,0.03,0.03,0.03,0.02,1.68,0.14,0.13
188,188,4.466434478759766,100.0,0.04,0.03,0.03,0.02,0.02,0.02,0.03,1.27,0.03
189,189,4.466663360595703,56.7,0.05,0.03,0.03,0.02,0.02,0.02,0.02,1.11,0.03
190,190,4.466651916503906,85.7,0.06,0.89,0.26,0.29,0.3,0.48,0.34,0.26,0.31
191,191,4.466896057128906,61.9,0.06,0.03,0.03,0.02,0.02,0.02,1.32,0.21,0.03
192,192,4.466899871826172,4.3,0.06,0.03,0.03,0.03,0.03,1.42,0.14,0.13,0.13
193,193,4.4669189453125,14.1,0.04,0.03,0.03,0.02,0.02,0.02,0.03,1.29,0.03
194,194,4.4674072265625,81.6,0.08,0.97,0.27,0.13,0.13,0.13,0.19,0.13,0.13
195,195,4.4677734375,76.8,0.06,0.03,0.03,0.02,0.02,0.02,1.43,0.13,0.4
196,196,4.468025207519531,56.1,0.05,0.03,0.03,0.02,0.02,0.03,0.03,1.18,0.03
197,197,4.468048095703125,45.4,0.15,0.77,0.19,0.23,0.32,0.18,0.17,0.18,0.18
198,198,4.468166351318359,4.3,0.17,1.16,0.22,0.2,0.19,0.27,0.19,0.19,0.55
199,199,4.468456268310547,54.6,0.04,0.03,0.03,0.02,0.02,0.02,1.06,0.03,0.02
200,200,4.467761993408203,56.7,0.06,0.03,0.03,0.02,0.02,0.02,0.03,1.21,0.03
201,201,4.470924377441406,100.0,0.05,1.95,0.17,0.13,0.21,0.14,0.13,0.13,0.2
202,202,4.4683074951171875,56.6,0.06,0.03,0.03,0.02,0.02,0.02,1.01,0.03,0.02
203,203,4.468280792236328,18.9,0.09,1.38,0.24,0.31,0.23,0.28,0.49,0.68,0.44
204,204,4.468391418457031,2.2,0.08,0.05,1.53,0.22,0.19,0.19,0.18,0.18,0.18
205,205,4.469211578369141,80.6,0.07,0.87,0.24,0.23,0.23,0.24,0.22,0.29,0.3
206,206,4.469455718994141,58.2,0.07,0.03,0.03,0.81,0.2,0.03,0.25,0.03,0.34
207,207,4.4682464599609375,92.9,0.06,0.91,1.34,0.34,0.13,0.14,0.73,0.16,0.19
208,208,4.468502044677734,57.6,0.08,0.03,0.03,0.03,0.02,1.03,0.03,0.03,0.03
209,209,4.468620300292969,2.2,0.06,0.03,0.03,0.03,0.02,1.32,0.16,0.12,0.16
210,210,4.468662261962891,5.3,0.05,0.03,0.02,0.02,0.03,0.02,1.44,0.13,0.16
211,211,4.469032287597656,97.0,0.15,0.71,0.38,0.28,0.31,0.27,0.34,0.52,0.23
212,212,4.4693145751953125,64.9,0.06,2.3,0.17,0.12,0.55,0.13,0.21,0.12,0.79
213,213,4.469409942626953,64.0,0.08,0.06,1.1,0.22,0.14,0.14,0.14,0.17,0.16
214,214,4.4697723388671875,53.6,0.06,0.03,0.03,0.02,0.02,1.02,0.03,0.28,0.03
215,215,4.469890594482422,4.3,0.06,0.03,0.03,0.02,0.02,1.3,0.13,0.12,0.16
216,216,4.470066070556641,37.9,0.06,2.53,0.61,0.25,0.37,0.34,0.31,0.34,0.14
217,217,4.4703369140625,63.5,0.07,1.06,0.15,0.14,0.14,0.21,0.14,0.14,0.14
218,218,4.4708404541015625,95.0,0.04,0.03,0.03,0.03,0.02,0.02,0.03,0.02,0.02
219,219,4.471195220947266,57.3,0.06,0.03,0.02,0.02,0.02,0.02,1.16,0.03,0.03
220,220,4.471382141113281,40.6,0.12,0.04,0.03,0.03,0.81,0.03,0.37,0.05,0.03
221,221,4.471382141113281,14.7,0.12,1.82,0.18,0.13,0.13,0.13,0.12,0.13,0.19
222,222,4.470149993896484,58.5,0.09,0.97,0.35,0.18,0.17,0.16,0.3,0.17,0.28
223,223,4.470653533935547,71.4,0.06,0.04,0.07,1.3,0.18,0.13,0.13,0.13,0.14
224,224,4.470989227294922,60.8,0.08,0.03,0.06,0.77,0.14,0.16,0.16,0.03,0.51
225,225,4.470943450927734,2.1,0.06,0.03,0.02,0.02,0.03,0.02,1.34,0.15,0.15
226,226,4.471332550048828,27.1,0.05,0.03,0.03,0.02,0.02,0.02,0.03,1.23,0.03
227,227,4.47174072265625,85.7,0.12,1.59,0.62,0.26,0.33,0.28,0.26,0.27,0.55
228,228,4.472999572753906,73.7,1.77,5.11,0.21,0.15,2.99,0.31,0.15,0.14,0.12
229,229,4.4730072021484375,75.8,0.06,0.03,0.03,0.02,0.02,0.02,1.39,0.15,0.18
230,230,4.473217010498047,68.4,0.06,0.03,0.03,0.03,0.02,1.06,0.03,0.46,0.03
231,231,4.473217010498047,12.6,0.07,0.03,0.03,0.03,1.48,0.32,0.21,0.31,0.17
232,232,4.473705291748047,12.5,0.04,1.91,0.13,0.13,0.17,0.12,0.12,0.21,0.28
233,233,4.4736175537109375,94.9,0.07,1.04,0.04,0.03,0.02,0.02,0.03,0.09,0.02
234,234,4.473854064941406,64.9,0.06,0.03,0.02,0.02,0.02,0.02,1.0,0.03,0.02
235,235,4.474021911621094,78.1,0.09,0.7,0.43,0.13,0.4,0.13,0.25,0.34,0.13
236,236,4.4741668701171875,55.2,0.1,0.03,0.03,0.02,0.02,0.02,0.02,0.02,0.02
237,237,4.474372863769531,4.3,0.09,1.3,0.23,0.24,0.22,0.41,0.58,0.49,0.66
238,238,4.474647521972656,25.5,0.05,0.03,0.03,0.02,0.02,0.02,1.56,0.03,0.03
239,239,4.475292205810547,77.8,1.21,0.7,0.5,0.9,0.41,0.49,0.48,0.33,0.35
240,240,4.475528717041016,85.0,0.06,0.55,0.29,0.23,0.42,0.23,0.31,0.26,0.4
241,241,4.4756317138671875,64.6,0.06,0.03,0.03,0.02,0.02,0.03,0.02,1.5,0.03
242,242,4.476043701171875,48.5,0.06,0.03,0.03,0.03,0.02,0.02,1.0,0.03,0.03
243,243,4.476387023925781,3.3,0.09,1.2,0.21,0.22,0.2,0.27,0.19,0.45,0.41
244,244,4.476814270019531,51.0,0.07,0.03,0.03,0.03,0.02,1.46,0.12,0.12,0.12
245,245,4.477073669433594,56.7,0.05,0.46,0.13,0.13,0.12,0.12,0.12,0.12,0.12
246,246,4.47747802734375,100.0,0.09,0.03,0.02,0.02,0.02,0.03,0.98,0.03,0.02
247,247,4.477916717529297,55.2,0.05,0.03,0.03,0.02,0.02,0.02,0.98,0.03,0.02
248,248,4.478797912597656,25.5,0.08,1.46,0.41,0.58,0.2,0.33,0.19,0.19,0.17
249,249,4.478797912597656,5.2,0.09,1.22,0.65,0.51,0.35,0.21,0.36,0.22,0.21
250,250,4.4809722900390625,70.1,0.05,5.62,0.38,0.17,2.32,0.15,0.12,0.12,0.12
251,251,4.481327056884766,75.8,0.07,0.03,0.03,0.02,0.02,0.03,0.03,0.02,0.02
252,252,4.481651306152344,100.0,0.05,0.03,0.03,0.02,0.02,0.02,0.03,1.13,0.03
253,253,4.481803894042969,57.6,0.06,0.03,0.03,0.02,0.02,0.03,1.25,0.04,0.03
254,254,4.481960296630859,40.6,0.06,0.59,0.24,0.24,0.24,0.14,0.12,0.12,0.23
255,255,4.4816131591796875,11.7,0.11,1.07,0.26,0.25,0.25,0.31,0.24,0.23,0.23
256,256,4.481441497802734,58.8,0.06,0.99,0.42,0.29,0.37,0.3,0.23,0.23,0.22
257,257,4.481975555419922,63.9,0.05,0.03,0.03,0.02,0.02,0.02,1.09,0.03,0.02
258,258,4.483177185058594,100.0,0.04,0.03,0.03,0.02,0.02,0.02,0.03,1.17,0.03
259,259,4.483913421630859,56.7,0.06,0.03,0.03,0.02,0.02,0.02,1.07,0.03,0.03
260,260,4.468376159667969,100.0,0.05,0.03,0.02,0.02,0.02,0.02,0.03,0.02,0.02
261,261,4.4702606201171875,65.3,0.07,0.05,0.1,0.69,0.25,0.03,0.26,0.03,0.31
262,262,4.471305847167969,21.3,0.08,0.03,0.03,0.03,0.03,0.02,0.99,0.03,0.03
263,263,4.4712982177734375,4.3,0.09,0.05,1.56,0.23,0.36,0.22,0.54,0.21,0.3
264,264,4.474079132080078,78.0,0.06,0.03,0.02,0.02,0.02,0.02,0.03,1.15,0.03
265,265,4.458526611328125,55.2,0.06,0.03,0.03,0.02,0.02,0.05,1.0,0.03,0.02
266,266,4.46636962890625,99.0,0.05,0.91,0.23,0.24,0.23,0.36,0.22,0.32,0.21
267,267,4.465991973876953,60.6,0.04,0.03,0.03,0.02,0.02,0.07,0.02,2.19,0.14
268,268,4.4661407470703125,15.6,0.06,0.9,0.14,0.13,0.13,0.13,0.12,0.14,0.16
269,269,4.466136932373047,1.1,0.08,1.99,0.21,0.37,0.36,0.42,0.32,0.29,0.29
270,270,4.466697692871094,77.8,0.06,0.03,0.03,0.03,0.02,0.02,1.47,0.04,0.03
271,271,4.467277526855469,69.1,0.06,0.03,0.03,0.03,0.02,0.06,0.02,1.11,0.03
272,272,4.4676361083984375,97.0,0.06,0.74,0.14,0.3,0.25,0.23,0.27,0.22,0.33
273,273,4.451499938964844,70.2,0.05,0.48,0.13,0.12,0.12,0.13,0.31,0.15,0.41
274,274,4.451499938964844,0.0,0.06,0.03,0.03,0.03,0.03,1.29,0.14,0.19,0.18
275,275,4.451702117919922,3.2,0.96,0.25,0.2,0.19,0.18,0.2,0.18,0.4,0.56
276,276,4.452049255371094,96.0,0.05,0.8,0.23,0.23,0.28,0.25,0.24,0.23,0.32
277,277,4.456737518310547,56.7,0.06,0.03,0.03,0.03,0.02,0.06,0.99,0.03,0.02
278,278,4.457252502441406,83.8,0.06,0.03,0.09,1.02,0.13,0.14,0.12,0.17,0.12
279,279,4.4660797119140625,58.8,0.06,0.04,0.03,0.03,0.88,0.03,0.28,0.03,0.02
280,280,4.466098785400391,3.2,0.06,0.03,0.03,0.02,0.02,0.03,1.46,0.14,0.14
281,281,4.465644836425781,20.0,0.09,0.06,0.69,0.18,0.15,0.16,0.15,0.18,0.13
282,282,4.4654998779296875,92.0,0.04,0.76,0.13,0.12,0.12,0.12,0.12,0.41,0.12
283,283,4.473030090332031,66.7,0.06,0.03,0.02,0.02,0.02,0.02,0.03,13.66,0.4
284,284,4.473423004150391,74.0,0.06,0.03,0.04,0.02,0.02,1.53,0.13,0.13,0.13
285,285,4.474514007568359,52.6,0.09,0.29,0.23,0.22,0.23,0.21,0.33,0.22,0.22
286,286,4.474514007568359,1.1,0.07,1.06,0.17,0.28,0.16,0.15,0.16,0.16,0.16
287,287,4.4748382568359375,31.6,0.05,0.71,0.13,0.12,0.12,0.12,1.45,0.21,0.12
288,288,4.474983215332031,72.4,0.06,0.03,0.04,0.03,1.2,0.13,0.12,0.14,0.12
289,289,4.474620819091797,83.8,0.06,0.03,0.03,0.02,0.02,0.02,0.03,1.65,0.03
290,290,4.476902008056641,59.2,0.06,0.03,0.03,0.02,0.02,0.03,5.37,0.3,0.23
291,291,4.476932525634766,61.9,0.08,0.05,0.27,0.2,0.19,0.2,0.19,0.19,0.19
292,292,4.477054595947266,2.1,0.89,0.45,0.23,0.2,0.65,0.2,0.19,0.62,0.19
293,293,4.477176666259766,32.3,0.06,0.41,0.13,0.46,0.13,0.18,1.96,0.25,0.23
294,294,4.477272033691406,72.4,0.08,0.03,0.03,0.02,0.03,1.35,0.13,0.13,0.13
295,295,4.476482391357422,54.6,0.06,0.03,0.03,0.03,0.03,1.3,0.13,0.13,0.13
296,296,4.476482391357422,2.2,0.09,1.36,0.24,0.37,0.22,0.3,0.25,0.25,0.23
297,297,4.476192474365234,35.1,0.06,1.47,0.31,0.32,0.37,0.13,0.18,0.28,0.22
298,298,4.476402282714844,76.5,0.06,0.03,0.04,0.03,1.12,0.13,0.14,0.17,0.18
299,299,4.476081848144531,82.0,0.07,0.03,0.03,0.03,0.03,1.36,0.13,0.18,0.14
300,300,4.476650238037109,56.2,0.07,0.04,0.04,1.17,0.15,0.15,0.15,0.14,0.14
301,301,4.476478576660156,60.8,0.08,0.97,0.25,0.2,0.21,0.27,0.47,0.59,0.21
302,302,4.476478576660156,2.1,0.89,0.29,0.31,0.27,0.82,0.24,0.18,0.27,0.13
303,303,4.4765625,8.4,0.05,0.03,0.03,0.03,0.07,1.58,0.31,0.14,0.13
304,304,4.476917266845703,97.0,0.06,0.87,0.24,0.24,0.28,0.28,0.31,0.23,0.31
305,305,4.476718902587891,56.8,0.08,0.03,0.03,0.03,0.03,0.3,0.03,0.03,0.36
306,306,4.477180480957031,99.0,0.06,0.68,0.25,0.29,0.25,0.49,0.24,0.3,0.26
307,307,4.477069854736328,58.8,0.05,0.03,0.03,0.02,0.02,0.02,1.03,0.03,0.02
308,308,4.477027893066406,16.8,0.07,0.03,0.03,0.08,1.1,0.13,0.12,0.12,0.12
309,309,4.477027893066406,1.1,3.07,0.98,1.45,0.53,0.73,1.0,2.09,0.9,0.4
310,310,4.477455139160156,81.3,0.06,1.77,0.68,0.14,0.13,0.12,0.53,0.13,1.66
311,311,4.478115081787109,99.0,0.06,0.96,0.3,0.25,0.24,0.26,0.23,0.24,0.21
312,312,4.477897644042969,55.3,0.06,0.03,0.03,0.03,0.02,0.05,1.28,0.05,0.74
313,313,4.477909088134766,100.0,0.07,0.04,0.04,1.03,0.17,0.17,0.85,0.23,0.33
314,314,4.4783477783203125,55.8,0.66,0.15,0.13,0.12,0.17,0.03,0.24,0.03,0.25
315,315,4.47833251953125,57.7,0.08,0.72,0.2,0.16,0.16,0.14,0.15,0.14,0.14
316,316,4.478458404541016,1.1,0.1,0.03,0.03,0.02,0.02,1.27,0.2,0.15,0.15
317,317,4.479015350341797,22.1,0.06,0.03,0.03,0.03,0.02,0.04,1.0,0.03,0.02
318,318,4.478721618652344,87.9,0.06,0.03,0.03,0.02,0.02,0.02,0.13,0.13,0.16
319,319,4.478717803955078,69.4,0.06,1.94,0.17,0.13,0.2,0.14,0.13,0.13,0.13
320,320,4.478340148925781,68.0,0.17,1.55,0.29,0.36,1.16,0.28,0.23,0.23,0.34
321,321,4.478477478027344,66.0,0.06,0.03,0.03,0.02,0.02,0.05,1.0,0.03,0.02
322,322,4.478477478027344,1.1,0.12,0.03,0.16,0.13,0.13,0.18,0.13,0.15,0.13
323,323,4.478702545166016,6.5,0.08,0.1,1.47,0.27,0.19,0.2,0.19,0.26,0.44
324,324,4.479412078857422,87.9,0.05,0.86,0.24,0.25,0.23,0.26,0.23,0.26,0.22
325,325,4.478801727294922,54.6,0.13,0.04,0.04,0.04,0.04,0.05,0.07,2.08,0.06
326,326,4.479236602783203,100.0,0.06,0.03,0.02,0.03,0.02,0.02,1.11,0.03,0.02
327,327,4.479663848876953,54.7,0.05,0.03,0.03,0.04,0.02,0.02,1.12,0.03,0.02
328,328,4.479572296142578,55.2,0.06,0.03,0.03,0.03,0.87,0.03,0.32,0.06,0.03
329,329,4.479579925537109,1.1,0.08,0.04,0.04,1.34,0.24,0.18,0.17,0.17,0.17
330,330,4.479560852050781,2.2,0.09,0.03,0.09,0.03,1.4,0.14,0.14,0.13,0.13
331,331,4.479816436767578,16.1,0.06,0.03,0.03,0.03,0.02,0.04,1.4,0.03,0.32
332,332,4.479972839355469,74.5,0.04,0.03,0.03,0.02,0.02,1.06,0.03,0.26,0.03
333,333,4.479808807373047,56.7,0.04,0.03,0.03,0.02,0.03,0.02,1.03,0.03,0.02
334,334,4.479789733886719,43.3,0.06,0.03,0.03,0.02,0.02,0.05,1.25,0.03,0.03
335,335,4.480083465576172,99.0,0.06,1.38,0.49,0.66,0.29,0.36,0.4,0.28,0.28
336,336,4.467369079589844,56.8,0.05,0.03,0.03,0.02,0.02,0.02,1.13,0.03,0.02
337,337,4.467296600341797,96.9,0.07,3.11,0.28,0.32,0.29,0.33,0.27,0.32,0.25
338,338,4.467899322509766,60.6,0.04,0.03,0.02,0.02,0.02,0.02,0.03,1.13,0.03
339,339,4.467983245849609,18.7,0.06,0.03,0.03,0.02,0.02,0.02,1.29,0.03,0.76
340,340,4.468086242675781,1.1,0.09,0.03,0.03,0.03,0.02,1.61,0.21,0.15,0.13
341,341,4.46807861328125,85.7,0.04,1.76,0.13,0.12,0.18,0.12,0.14,0.21,0.22
342,342,4.468418121337891,55.3,0.06,0.03,0.03,0.03,1.27,0.15,0.13,0.18,0.12
343,343,4.468299865722656,99.0,0.08,0.75,0.24,0.21,0.2,0.35,0.42,0.22,0.61
344,344,4.468681335449219,76.5,0.06,0.03,0.03,1.18,0.25,0.23,0.44,0.42,0.33
345,345,4.466926574707031,56.1,0.05,0.03,0.03,0.02,0.02,0.83,0.06,0.27,0.03
346,346,4.466926574707031,2.1,0.08,0.03,0.03,0.03,0.03,1.3,0.13,0.13,0.12
347,347,4.466922760009766,4.3,0.06,0.03,0.03,0.02,0.02,1.27,0.13,0.12,0.18
348,348,4.467109680175781,78.1,0.08,0.04,1.27,0.24,0.13,0.13,0.15,0.15,0.03
349,349,4.467613220214844,54.5,0.08,1.59,0.5,0.5,0.35,0.34,0.28,0.25,0.22
350,350,4.467548370361328,100.0,0.07,0.03,0.03,0.02,0.02,0.03,1.7,0.16,0.13
351,351,4.467926025390625,89.7,0.07,1.04,0.25,0.3,0.24,0.33,0.22,0.48,0.23
352,352,4.468879699707031,53.7,0.06,0.03,0.03,0.82,0.13,0.13,0.12,0.13,0.19
353,353,4.468849182128906,1.1,0.06,0.03,0.02,0.02,0.02,1.2,0.21,0.03,0.25
354,354,4.4689178466796875,8.6,0.06,0.03,0.03,1.37,0.15,0.13,0.14,0.13,0.14
355,355,4.4688873291015625,92.6,0.08,0.03,0.03,0.03,0.03,1.42,0.13,0.13,0.12
356,356,4.469184875488281,52.6,0.07,0.04,0.04,0.84,0.24,0.03,0.26,0.03,0.02
357,357,4.470191955566406,100.0,0.05,0.03,0.03,0.02,0.02,0.02,1.2,0.03,0.02
358,358,4.470699310302734,52.1,0.05,0.03,0.03,0.02,0.02,0.06,0.03,0.03,1.2
359,359,4.436321258544922,73.4,0.18,0.04,0.63,0.15,0.14,0.13,0.13,0.13,0.17
360,360,4.436313629150391,4.5,2.03,0.62,0.36,0.36,0.51,0.81,0.64,0.4,0.37
361,361,4.4363555908203125,25.5,0.07,0.04,0.03,1.24,0.16,0.29,0.17,0.16,0.22
362,362,4.439029693603516,80.6,0.07,0.05,0.02,0.02,0.02,0.97,0.03,0.02,0.02
363,363,4.439083099365234,52.1,0.07,0.03,0.03,0.02,0.02,0.02,1.03,0.03,0.03
364,364,4.439296722412109,100.0,0.06,0.03,0.03,0.9,0.05,0.29,0.03,0.02,0.43
365,365,4.439239501953125,51.5,0.06,0.6,0.36,0.25,0.29,0.25,0.23,0.22,0.24
366,366,4.439411163330078,62.0,0.06,0.03,0.03,0.03,0.02,0.92,0.03,0.03,0.51
367,367,4.439418792724609,2.1,0.06,0.03,0.04,0.03,0.02,1.28,0.14,0.03,0.25
368,368,4.439586639404297,29.0,0.05,0.03,0.02,0.02,0.02,1.16,0.03,0.02,0.02
369,369,4.439594268798828,92.9,0.06,0.98,0.29,0.25,0.29,0.28,0.3,0.24,0.33
370,370,4.4404296875,60.8,0.07,0.03,0.03,0.02,0.02,0.02,1.04,0.03,0.02
371,371,4.440834045410156,100.0,0.05,0.83,0.22,0.22,0.21,0.27,0.21,0.22,0.21
372,372,4.441493988037109,56.1,0.04,0.03,0.02,0.02,0.02,0.03,1.06,0.03,0.02
373,373,4.4417572021484375,12.8,0.06,0.03,0.03,0.02,0.02,1.31,0.13,0.13,0.13
374,374,4.441764831542969,2.2,0.09,1.25,0.28,0.27,0.27,0.26,0.34,0.28,0.43
375,375,4.4456634521484375,86.0,0.04,0.03,0.02,0.02,0.02,0.02,0.04,1.12,0.03
376,376,4.446041107177734,54.2,0.04,0.03,0.03,0.02,0.02,0.02,0.97,0.03,0.02
377,377,4.446865081787109,100.0,0.06,0.84,0.31,0.23,0.22,0.23,0.21,0.22,0.21
378,378,4.448863983154297,55.2,0.04,0.03,0.03,0.03,0.02,0.02,0.98,0.03,0.02
379,379,4.448993682861328,28.1,0.06,0.03,0.03,0.03,0.06,0.97,0.03,0.03,0.42
380,380,4.448993682861328,10.5,0.07,0.05,0.03,1.1,0.13,0.13,0.12,0.12,0.12
381,381,4.449073791503906,60.4,0.05,0.03,0.03,0.02,0.02,0.02,0.16,0.13,0.12
382,382,4.449165344238281,65.3,0.09,0.03,0.03,0.02,0.03,0.02,2.09,0.15,0.13
383,383,4.449089050292969,89.0,0.05,0.53,0.13,0.13,0.12,0.23,0.13,0.13,0.12
384,384,4.4493865966796875,62.2,0.06,0.04,1.12,0.29,0.16,0.15,0.24,0.16,0.16
385,385,4.449512481689453,53.6,0.12,1.28,0.39,0.32,0.89,0.75,0.65,0.43,0.31
386,386,4.449520111083984,2.2,0.06,0.03,0.03,0.03,0.03,1.28,0.15,0.13,0.13
387,387,4.449623107910156,6.5,0.06,0.54,0.16,0.24,0.13,0.14,0.12,0.17,0.12
388,388,4.4505157470703125,99.0,0.24,1.01,0.5,0.26,0.27,0.29,0.29,0.29,0.24
389,389,4.449695587158203,51.0,0.06,0.04,0.03,0.03,1.06,0.2,0.03,0.44,0.03
390,390,4.449241638183594,100.0,0.05,0.03,0.03,0.02,0.02,0.02,1.0,0.03,0.03
391,391,4.449310302734375,54.2,0.06,0.49,0.15,0.15,0.16,0.12,0.12,0.12,0.12
392,392,4.449272155761719,58.5,0.07,0.03,0.05,1.39,0.31,0.18,0.31,0.15,0.17
393,393,4.449272155761719,2.1,0.09,1.38,0.23,0.23,0.76,0.3,0.33,0.23,0.19
394,394,4.4505615234375,46.3,1.99,0.93,0.19,0.16,1.85,0.17,0.13,0.62,0.22
395,395,4.450920104980469,99.0,1.29,0.68,0.61,0.63,0.53,0.59,0.54,1.06,0.42
396,396,4.450984954833984,56.7,0.04,0.03,0.03,0.02,0.02,0.02,0.03,1.22,0.03
397,397,4.4510498046875,7.3,0.06,1.04,0.14,0.13,0.13,0.25,0.12,1.16,0.13
398,398,4.451045989990234,1.1,0.06,0.03,0.11,0.03,1.12,0.13,0.12,0.13,0.12
399,399,4.454235076904297,93.1,0.06,0.87,0.25,0.23,0.24,0.24,0.22,0.22,0.23
400,400,4.432964324951172,50.5,0.08,0.03,0.03,0.11,1.61,0.16,0.13,0.13,0.18
401,401,4.4356689453125,100.0,0.06,0.03,0.03,0.03,0.02,0.02,0.03,1.49,0.03
402,402,4.436809539794922,58.2,0.04,0.03,0.03,0.02,0.02,0.02,1.19,0.03,0.02
403,403,4.437740325927734,38.9,0.07,0.04,0.03,0.03,0.95,0.03,0.77,0.16,0.16
404,404,4.437740325927734,7.4,0.06,0.03,0.03,0.05,0.03,0.03,1.43,0.21,0.13
405,405,4.437816619873047,59.1,0.06,0.03,0.03,0.03,0.03,0.06,1.04,0.03,0.02
406,406,4.4376983642578125,66.3,1.32,0.69,0.29,0.39,0.23,0.33,0.24,0.24,0.23
407,407,4.437217712402344,89.1,0.06,0.46,0.18,0.13,0.24,0.12,0.12,0.13,0.13
408,408,4.436912536621094,77.3,0.1,0.97,0.52,0.13,0.38,0.13,0.24,0.13,0.12
409,409,4.439167022705078,64.3,0.06,0.54,0.14,0.15,0.18,0.25,0.31,0.13,0.13
410,410,4.441291809082031,13.8,0.06,0.03,0.03,0.03,0.03,1.2,0.13,0.12,0.12
411,411,4.4337158203125,20.7,0.06,0.03,0.03,0.02,0.02,0.02,1.21,0.05,0.03
412,412,4.438022613525391,100.0,0.06,0.84,0.28,0.23,0.23,0.25,0.22,0.27,0.28
413,413,4.434886932373047,51.6,0.06,0.03,0.03,0.03,0.02,0.03,0.06,0.4,0.03
414,414,4.438602447509766,100.0,0.06,0.03,0.03,0.02,0.03,0.03,1.28,0.06,0.38
415,415,4.437286376953125,58.8,0.05,0.03,0.02,0.02,0.02,0.02,0.03,0.02,0.02
416,416,4.437229156494141,46.9,0.29,0.33,0.44,0.35,0.27,0.28,0.32,0.37,0.38
417,417,4.437217712402344,1.1,0.59,0.16,0.13,0.17,0.13,0.13,0.12,0.17,0.12
418,418,4.437156677246094,23.2,0.06,0.03,0.03,0.02,0.02,0.04,1.31,0.18,0.03
419,419,4.437557220458984,100.0,0.06,0.28,0.23,0.24,0.24,0.3,0.23,0.35,0.49
420,420,4.4381561279296875,55.2,0.06,0.03,0.03,0.03,0.02,0.07,1.33,0.24,0.07
421,421,4.4417572021484375,100.0,0.06,0.88,0.27,0.23,0.39,0.26,0.23,0.22,0.28
422,422,4.43853759765625,53.5,0.05,0.03,0.03,0.02,0.05,0.02,1.03,0.03,0.02
423,423,4.439884185791016,31.6,0.09,0.06,0.92,0.17,0.15,0.16,0.15,0.15,0.15
424,424,4.439872741699219,2.1,0.08,0.03,0.03,0.03,1.55,0.16,0.82,0.19,0.13
425,425,4.439502716064453,67.0,0.05,0.03,0.03,0.71,0.15,0.15,0.03,0.23,0.02
426,426,4.438529968261719,57.1,0.06,2.73,0.25,0.24,0.25,0.24,0.22,0.22,0.21
427,427,4.4404144287109375,96.0,0.06,0.04,0.03,0.03,0.02,0.03,1.23,0.03,0.02
428,428,4.440158843994141,61.2,0.09,1.77,0.83,0.3,0.22,0.68,0.52,0.19,0.2
429,429,4.441661834716797,58.8,0.07,0.06,0.03,0.03,0.03,1.32,0.2,0.14,0.13
430,430,4.441661834716797,11.6,0.09,0.93,0.33,0.2,0.75,0.2,0.19,0.21,0.32
431,431,4.441768646240234,8.5,0.06,0.03,0.03,0.03,0.02,1.35,0.03,0.03,0.25
432,432,4.4418792724609375,86.7,0.1,0.04,0.02,0.76,0.02,0.32,0.02,0.02,0.02
433,433,4.441986083984375,52.0,0.06,0.03,0.03,0.03,0.02,0.03,1.22,0.03,0.03
434,434,4.442295074462891,100.0,0.06,0.03,0.03,0.02,0.02,0.02,0.03,1.12,0.03
435,435,4.442325592041016,54.3,0.06,0.04,0.03,0.08,0.03,1.11,0.04,0.03,0.48
436,436,4.445293426513672,51.6,0.06,0.03,0.03,0.69,0.03,0.03,0.3,0.03,0.02
437,437,4.445293426513672,6.7,0.09,1.08,0.21,0.16,0.16,0.16,0.15,0.16,0.17
438,438,4.445518493652344,44.6,0.06,0.81,0.15,0.13,0.14,0.12,0.12,0.13,0.12
439,439,4.4449310302734375,96.0,0.07,1.06,0.25,0.31,0.24,0.31,0.23,0.23,0.22
440,440,4.444602966308594,57.3,0.08,0.04,0.04,1.16,0.15,0.13,0.13,0.13,0.12
441,441,4.445873260498047,100.0,0.07,0.83,0.23,0.24,0.22,0.23,0.21,0.21,0.2
442,442,4.445709228515625,54.6,0.05,0.03,0.03,0.02,0.02,0.88,0.03,0.02,0.46
443,443,4.447208404541016,100.0,0.04,0.84,0.24,0.38,0.24,0.24,0.22,0.34,0.22
444,444,4.447505950927734,54.2,0.06,0.03,0.03,0.02,0.02,0.02,0.03,1.08,0.03
445,445,4.447750091552734,19.1,0.08,0.03,0.04,0.03,0.87,0.03,0.56,0.13,0.14
446,446,4.447750091552734,3.2,0.14,1.19,0.21,0.22,0.2,0.42,0.21,0.56,0.46
447,447,4.448513031005859,81.6,0.06,0.05,0.03,0.03,0.04,1.14,0.25,0.03,0.35
448,448,4.448539733886719,52.0,0.05,0.03,0.03,0.03,0.02,0.02,1.27,0.13,0.14
449,449,4.448818206787109,100.0,0.06,0.03,0.03,0.03,0.02,0.02,0.03,1.13,0.03
450,450,4.448860168457031,63.9,0.08,0.04,0.04,0.03,1.14,0.16,0.31,0.18,0.13
451,451,4.450115203857422,54.2,0.06,0.03,0.03,0.03,0.94,0.03,0.37,0.03,0.02
452,452,4.450225830078125,2.2,0.09,1.36,0.25,0.25,0.23,0.23,0.23,0.48,0.23
453,453,4.450557708740234,38.5,0.06,2.76,0.14,0.39,0.12,0.28,0.23,0.22,0.25
454,454,4.450580596923828,95.9,0.06,0.85,0.24,0.24,0.23,0.24,0.21,0.27,0.21
455,455,4.449748992919922,57.6,0.05,0.03,0.02,0.02,0.02,0.02,0.04,1.13,0.03
456,456,4.4503936767578125,100.0,0.06,1.11,0.29,0.32,0.27,0.36,0.24,0.51,0.27
457,457,4.446807861328125,52.6,0.05,0.8,0.14,0.13,0.12,0.13,0.12,0.12,0.18
458,458,4.4664764404296875,37.1,0.04,0.76,0.55,0.25,0.24,0.28,0.23,0.22,0.22
459,459,4.473419189453125,100.0,0.08,1.43,0.47,0.33,0.28,0.5,1.07,0.3,0.23
460,460,4.4761505126953125,100.0,0.06,3.76,0.49,0.4,0.39,0.32,0.49,0.6,0.18
461,461,4.448974609375,100.0,0.06,0.94,0.36,0.6,0.54,0.54,0.4,0.26,0.3
462,462,4.449443817138672,51.6,0.08,0.04,0.03,0.68,0.28,0.13,0.13,0.21,0.13
463,463,4.438190460205078,100.0,0.07,0.03,0.03,0.02,0.03,1.1,0.03,0.03,0.02
464,464,4.439289093017578,58.3,0.09,1.3,0.25,0.43,0.46,0.59,0.35,0.71,0.32
465,465,4.446998596191406,67.4,0.09,1.54,0.55,0.38,0.4,0.37,0.34,0.39,0.31
466,466,4.446998596191406,2.1,0.07,0.05,0.03,1.2,0.16,0.16,0.16,0.16,0.2
467,467,4.447074890136719,17.2,0.11,1.24,0.7,0.42,0.37,0.39,0.34,0.41,0.32
468,468,4.4473114013671875,100.0,0.06,0.03,0.03,0.02,0.02,0.02,1.03,0.03,0.03
469,469,4.447589874267578,53.1,0.05,0.03,0.02,0.02,0.02,0.04,1.01,0.03,0.02
470,470,4.447486877441406,100.0,0.06,0.03,0.03,0.02,0.02,0.02,0.03,1.16,0.03
471,471,4.447689056396484,56.2,0.06,0.03,0.03,0.14,0.13,0.12,0.17,0.13,0.12
472,472,4.451839447021484,58.8,0.1,1.0,0.25,0.33,0.24,0.26,0.71,0.25,1.17
473,473,4.451957702636719,4.3,0.07,0.04,0.03,0.03,1.3,0.16,0.15,0.15,0.21
474,474,4.451984405517578,42.7,0.06,1.06,0.18,0.13,0.12,0.12,1.12,0.13,0.12
475,475,4.450771331787109,94.9,1.07,0.18,0.14,0.13,0.42,0.13,0.12,0.13,0.25
476,476,4.450401306152344,58.3,0.05,0.03,0.02,0.02,0.02,0.02,0.98,0.03,0.02
477,477,4.4536590576171875,100.0,0.07,0.83,0.25,0.35,0.25,0.38,0.26,0.33,0.23
478,478,4.453910827636719,55.7,0.05,0.03,0.03,0.02,0.02,0.02,0.03,1.11,0.03
479,479,4.454036712646484,5.4,0.09,0.05,1.44,0.27,0.21,0.28,0.2,0.39,0.3
480,480,4.454036712646484,13.0,0.06,0.03,0.02,0.03,0.02,0.06,1.36,0.17,0.03
481,481,4.456233978271484,70.1,0.06,0.03,0.03,0.03,0.02,0.02,0.03,1.2,0.03
482,482,4.457218170166016,58.1,0.06,0.03,0.03,0.03,0.03,1.27,0.13,0.16,0.12
483,483,4.458106994628906,50.0,0.06,0.03,0.03,0.02,0.02,0.02,0.98,0.03,0.02
484,484,4.4581146240234375,4.3,0.1,1.44,0.26,0.54,0.25,0.49,0.58,0.26,0.24
485,485,4.458213806152344,47.9,0.05,0.03,0.02,0.02,0.02,0.02,0.04,1.43,0.18
486,486,4.458644866943359,77.6,0.04,0.03,0.03,0.03,0.02,1.23,0.13,0.15,0.2
487,487,4.462890625,77.6,0.06,0.03,0.02,0.02,0.02,0.02,1.34,0.16,0.14
488,488,4.4632110595703125,80.8,1.1,0.68,0.69,0.25,0.25,0.52,0.21,0.13,0.13
489,489,4.463775634765625,55.1,0.06,0.03,0.03,0.03,0.03,0.03,0.02,0.78,0.03
490,490,4.464012145996094,12.6,0.16,1.23,0.19,0.19,0.19,0.26,0.18,0.18,0.25
491,491,4.463951110839844,6.5,0.08,0.03,0.03,0.03,1.52,0.24,0.16,0.15,0.2
492,492,4.464042663574219,76.3,0.06,0.03,0.03,0.03,0.02,1.06,0.04,0.4,0.08
493,493,4.464591979980469,84.7,0.11,1.57,0.43,0.27,0.61,0.44,0.7,0.28,0.47
494,494,4.465614318847656,71.1,0.08,0.48,0.16,0.13,0.13,0.21,0.14,0.16,0.15
495,495,4.465309143066406,100.0,0.06,0.03,0.03,0.02,0.02,0.02,0.99,0.03,0.02
496,496,4.465892791748047,55.9,0.07,0.04,0.17,0.13,0.13,0.13,0.12,0.13,0.12
497,497,4.469440460205078,59.1,0.09,0.72,0.2,0.19,0.27,0.2,0.18,0.24,0.18
498,498,4.469566345214844,1.1,0.08,0.93,0.15,0.14,0.13,0.18,0.13,0.13,0.13
499,499,4.469703674316406,44.2,0.05,0.03,0.03,0.02,0.02,0.02,0.02,1.63,0.03
500,500,4.4703521728515625,93.1,2.14,1.21,0.94,0.65,0.81,0.66,0.72,0.51,0.41
501,501,4.470951080322266,61.6,0.06,0.83,0.33,0.18,0.32,0.12,0.12,0.12,0.12
502,502,4.4723663330078125,99.0,0.15,2.05,0.56,0.49,0.48,0.53,0.4,0.34,0.51
503,503,4.472965240478516,55.7,0.06,0.51,0.14,0.13,0.18,0.12,0.12,0.12,0.14
504,504,4.472980499267578,1.1,1.18,0.68,1.01,0.3,0.64,0.3,0.29,3.1,0.51
505,505,4.473014831542969,7.4,0.04,0.03,0.03,0.02,0.02,0.02,0.03,1.48,0.03
506,506,4.474056243896484,97.0,0.06,0.96,0.29,0.23,0.23,0.24,0.21,0.32,0.22
507,507,4.4731292724609375,53.7,0.05,0.03,0.02,0.02,0.02,0.02,0.06,0.03,0.02
508,508,4.473361968994141,100.0,0.04,0.03,0.02,0.02,0.02,0.02,0.05,1.25,0.03
509,509,4.47369384765625,53.1,0.06,0.03,0.02,0.02,0.02,0.02,0.03,1.08,0.03
510,510,4.474601745605469,47.9,0.08,0.76,0.2,0.26,0.19,0.19,0.26,0.19,0.19
511,511,4.474601745605469,2.2,0.08,0.05,1.16,0.16,0.16,0.16,0.16,0.16,0.22
512,512,4.474689483642578,51.5,0.04,0.03,0.03,0.02,0.02,0.02,0.03,0.03,0.63
513,513,4.475135803222656,90.7,0.06,0.03,0.03,0.99,0.23,0.22,0.15,0.2,0.14
514,514,4.476799011230469,65.3,0.06,3.63,0.14,0.13,0.12,0.12,0.17,0.13,0.13
515,515,4.4777679443359375,92.9,0.11,0.97,0.14,0.13,0.12,0.12,0.12,0.43,0.12
516,516,4.4780120849609375,52.0,0.06,0.03,0.03,0.02,0.02,0.99,0.03,0.03,0.03
517,517,4.477977752685547,3.3,0.08,0.05,1.24,0.18,0.18,0.17,0.17,0.18,0.16
518,518,4.477962493896484,6.4,0.06,0.03,0.03,0.03,0.03,1.26,0.13,0.17,0.12
519,519,4.485599517822266,99.0,0.06,0.85,0.23,0.25,0.46,0.26,0.31,0.27,0.35
520,520,4.485736846923828,51.5,0.06,0.03,0.03,0.02,0.02,0.02,0.02,1.13,0.03
521,521,4.490383148193359,100.0,0.06,0.92,0.16,0.13,0.12,0.23,0.14,0.13,0.12
522,522,4.492443084716797,66.0,1.23,0.83,0.44,0.48,0.31,1.93,0.45,0.31,0.33
523,523,4.493751525878906,89.0,0.05,0.03,0.03,0.02,0.02,0.02,1.01,0.03,0.02
524,524,4.494346618652344,72.4,1.25,0.72,0.51,1.0,0.26,0.56,0.67,0.3,0.27
525,525,4.490806579589844,56.4,0.11,0.99,0.27,0.42,0.36,0.37,0.26,0.28,0.35
526,526,4.490688323974609,4.3,0.08,0.04,1.28,0.22,0.23,0.18,0.18,0.18,0.24
527,527,4.490390777587891,31.9,0.06,0.03,0.03,0.03,0.02,0.02,1.0,0.03,0.02
528,528,4.4934844970703125,100.0,0.06,0.89,0.27,0.23,0.26,0.25,0.22,0.22,0.21
529,529,4.490703582763672,53.1,0.05,0.03,0.03,0.03,0.02,0.03,1.18,0.03,0.02
530,530,4.493877410888672,100.0,0.05,0.8,0.23,0.22,0.22,0.28,0.22,0.22,0.22
531,531,4.493865966796875,54.3,0.06,0.03,0.02,0.02,0.02,0.02,0.03,1.12,0.03
532,532,4.493907928466797,25.3,1.67,1.61,0.55,0.43,0.37,0.38,0.3,0.37,0.25
533,533,4.493907928466797,3.3,0.07,0.96,0.17,0.16,0.16,0.17,0.15,0.16,0.33
534,534,4.494110107421875,76.5,0.08,0.03,0.02,0.05,0.03,0.02,0.04,0.04,0.02
535,535,4.494720458984375,56.2,0.06,0.03,0.03,0.02,1.14,0.13,0.12,0.12,0.17
536,536,4.495147705078125,97.0,0.05,0.03,0.03,0.02,0.02,0.02,1.03,0.03,0.02
537,537,4.495616912841797,70.8,0.1,1.51,0.26,0.35,0.25,0.39,0.24,0.63,0.25
538,538,4.496891021728516,52.0,0.06,0.03,0.56,0.13,0.12,0.12,0.12,0.12,0.12
539,539,4.496864318847656,9.7,0.06,0.03,0.02,0.02,0.03,0.53,0.12,0.12,0.17
540,540,4.498035430908203,32.3,0.06,0.48,1.9,0.39,0.13,0.21,0.12,0.13,0.22
541,541,4.501209259033203,100.0,0.06,0.94,0.28,0.23,0.22,0.24,0.31,0.22,0.22
542,542,4.497467041015625,53.7,0.05,0.03,0.02,0.02,0.02,0.02,0.06,1.14,0.04
543,543,4.5003814697265625,100.0,0.05,0.86,0.24,0.23,0.23,0.24,0.2,0.3,0.23
544,544,4.4988861083984375,52.1,0.04,0.03,0.02,0.02,0.02,0.02,0.02,1.08,0.03
545,545,4.498928070068359,12.0,1.29,1.34,1.09,0.87,0.57,0.59,0.85,0.63,0.4
546,546,4.499046325683594,5.2,0.06,1.55,0.26,0.25,0.24,0.35,0.24,0.3,0.22
547,547,4.49969482421875,90.0,0.04,0.48,0.64,0.12,0.12,0.11,0.12,0.28,0.12
548,548,4.4999542236328125,53.1,0.05,0.03,0.03,0.02,0.02,0.03,0.02,1.16,0.03
549,549,4.500247955322266,100.0,0.05,0.03,0.03,0.02,0.02,0.03,0.02,1.35,0.03
550,550,4.500705718994141,66.3,0.06,0.03,0.03,0.03,1.24,0.13,0.12,0.13,0.12
551,551,4.502368927001953,55.6,0.06,0.03,0.02,0.03,0.02,0.02,0.98,0.03,0.02
552,552,4.502666473388672,3.4,0.06,0.76,0.31,0.13,0.16,0.13,0.12,0.12,0.12
553,553,4.502704620361328,26.1,0.06,0.03,0.02,0.02,0.02,0.05,1.07,0.03,0.02
554,554,4.506069183349609,100.0,0.06,0.85,0.33,0.23,0.23,0.25,0.22,0.21,0.22
555,555,4.504158020019531,54.6,0.05,0.03,0.03,0.03,0.02,0.02,1.09,0.03,0.02
556,556,4.506294250488281,100.0,0.06,0.83,0.24,0.23,0.23,0.25,0.22,0.97,0.22
557,557,4.50445556640625,51.5,0.06,0.03,0.03,0.02,0.02,0.02,0.06,0.03,0.02
558,558,4.505744934082031,29.0,0.12,1.87,0.4,1.35,0.3,0.23,1.93,0.24,0.37
559,559,4.505744934082031,12.8,0.06,0.03,0.08,0.03,0.03,1.23,0.13,0.26,0.12
560,560,4.505832672119141,73.5,0.04,0.03,0.02,0.02,0.02,0.02,0.04,1.22,0.03
561,561,4.5063018798828125,62.9,0.09,1.29,0.25,0.23,0.22,0.25,0.46,0.3,0.21
562,562,4.506038665771484,49.5,0.07,0.03,0.03,0.02,0.03,0.9,0.03,0.29,0.03
563,563,4.5059967041015625,1.1,0.06,0.03,0.03,0.04,1.14,0.13,0.12,0.12,0.13
564,564,4.506168365478516,38.9,0.05,1.4,0.36,0.31,0.12,0.14,0.12,0.12,0.16
565,565,4.509693145751953,100.0,0.04,0.63,0.23,0.24,0.22,0.24,0.26,0.21,0.38
566,566,4.507160186767578,100.0,0.05,2.04,0.3,0.13,0.12,0.2,0.12,0.12,0.12
567,567,4.50531005859375,100.0,0.06,2.68,0.45,0.62,0.19,0.29,0.15,0.12,0.12
568,568,4.494747161865234,100.0,0.05,0.91,0.25,0.24,0.23,0.24,0.3,0.22,0.22
569,569,4.491992950439453,100.0,0.05,0.73,0.12,0.12,0.11,0.12,0.11,0.32,0.17
570,570,4.492408752441406,68.4,0.08,0.05,0.04,1.12,0.25,0.19,0.19,0.44,0.04
571,571,4.492435455322266,11.7,0.06,0.03,0.02,0.03,0.02,0.02,1.43,0.18,0.03
572,572,4.492713928222656,38.3,0.05,0.4,0.31,0.29,0.12,0.19,0.12,0.12,0.12
573,573,4.496452331542969,100.0,0.07,1.16,0.26,0.23,0.23,0.27,0.23,0.26,0.25
574,574,4.492958068847656,52.6,0.05,0.03,0.03,0.03,0.02,0.02,0.97,0.03,0.02
575,575,4.4969940185546875,100.0,0.06,0.86,0.24,0.27,0.23,0.3,0.23,0.22,0.25
576,576,4.493915557861328,54.2,0.04,0.03,0.03,0.02,0.02,0.02,0.05,1.08,0.03
577,577,4.495296478271484,28.4,0.06,0.03,0.57,0.13,0.22,0.13,0.22,0.12,0.16
578,578,4.495414733886719,2.2,0.06,0.03,0.03,0.02,0.02,0.02,1.33,0.22,0.03
579,579,4.495841979980469,72.2,0.06,0.03,0.03,0.03,0.02,0.92,0.03,0.03,0.02
580,580,4.497257232666016,80.8,1.51,0.78,0.34,0.4,0.32,1.97,0.57,0.42,0.32
581,581,4.498355865478516,74.2,0.06,0.03,0.03,0.02,0.02,0.02,0.03,1.44,0.03
582,582,4.500129699707031,89.0,0.06,0.83,0.22,0.13,0.13,0.13,0.17,0.13,0.12
583,583,4.498958587646484,51.6,0.07,0.04,0.03,0.03,4.71,0.16,0.15,0.15,0.17
584,584,4.499076843261719,3.2,0.09,0.05,1.47,0.22,0.89,0.4,0.19,0.18,0.18
585,585,4.499103546142578,12.9,0.05,0.03,0.03,0.02,0.02,0.02,1.0,0.03,0.02
586,586,4.5026092529296875,100.0,0.06,0.87,0.24,0.23,0.23,0.23,0.22,0.31,0.21
587,587,4.499042510986328,54.7,0.04,0.03,0.03,0.02,0.79,0.03,0.02,0.43,0.03
588,588,4.501926422119141,100.0,0.04,0.84,0.23,0.23,0.3,0.23,0.21,0.3,0.22
589,589,4.500576019287109,62.9,0.13,0.03,0.03,0.7,0.29,0.16,0.13,0.22,0.03
590,590,4.501502990722656,37.0,0.18,0.89,0.22,0.28,0.21,0.21,0.22,0.21,0.23
591,591,4.501491546630859,6.5,0.07,0.91,0.16,0.14,0.14,0.25,0.14,0.14,0.14
592,592,4.501533508300781,56.6,0.04,0.03,0.03,0.02,0.02,0.02,1.01,0.04,0.03
593,593,4.5020751953125,80.2,0.1,1.3,0.25,0.23,0.32,0.24,0.69,0.19,0.18
594,594,4.502323150634766,76.8,0.06,0.03,0.03,0.02,0.02,0.02,0.03,0.03,0.02
595,595,4.502647399902344,92.9,0.06,0.87,0.33,0.24,0.3,0.25,0.23,0.22,0.28
596,596,4.507911682128906,50.0,0.09,0.7,0.21,0.19,0.39,0.24,0.32,0.21,0.62
597,597,4.507469177246094,7.4,0.06,0.78,0.13,0.13,0.38,0.12,0.12,0.22,0.12
598,598,4.507232666015625,8.5,0.9,0.31,0.12,0.13,0.12,0.12,0.12,0.12,0.12
599,599,4.506900787353516,98.0,0.04,0.58,0.23,0.27,0.22,0.24,0.21,0.21,0.31
