,Tempo,Memoria Utilizada (GB),Percentual Global de Processamento Utilizado,Latencia REST API (ms),Latencia couchdb0 (ms),Latencia couchdb1 (ms),Latencia couchdb2 (ms),Latencia couchdb3 (ms),Latencia peer0 (ms),Latencia peer1 (ms),Latencia peer2 (ms),Latencia peer3 (ms)
0,0,4.513763427734375,0.0,0.24,0.29,0.24,0.23,0.23,0.4,0.22,0.22,0.23
1,1,4.514198303222656,53.8,0.05,0.03,0.02,0.02,0.02,0.02,0.02,1.16,0.03
2,2,4.518119812011719,100.0,0.05,0.82,0.23,0.22,0.23,0.23,0.21,0.33,0.21
3,3,4.514324188232422,74.5,0.05,0.03,0.02,0.02,0.02,0.02,0.03,1.33,0.03
4,4,4.514366149902344,53.6,0.09,1.02,0.25,0.25,0.22,0.25,0.23,0.23,0.28
5,5,4.514484405517578,17.0,0.06,0.74,0.24,0.29,0.25,0.29,0.23,0.22,0.24
6,6,4.514514923095703,73.0,0.05,2.18,0.33,0.32,0.31,0.12,0.13,0.19,0.12
7,7,4.502002716064453,100.0,0.05,0.89,0.22,0.22,0.21,0.27,0.22,0.21,0.21
8,8,4.500858306884766,54.2,0.04,0.03,0.02,0.02,0.02,0.02,0.03,1.09,0.03
9,9,4.503211975097656,100.0,0.05,0.81,0.33,0.22,0.22,0.22,0.27,0.22,0.2
10,10,4.502311706542969,63.3,0.05,3.55,0.14,0.13,0.18,0.89,0.13,0.12,0.12
11,11,4.503124237060547,65.0,0.09,1.47,0.37,0.5,0.42,0.39,0.35,0.61,0.47
12,12,4.503120422363281,6.6,0.06,1.05,0.31,0.26,0.51,0.24,0.29,0.23,0.29
13,13,4.502887725830078,47.4,0.06,0.03,0.02,0.02,0.02,0.02,0.02,1.49,0.16
14,14,4.506595611572266,100.0,0.06,1.67,0.25,0.23,0.23,0.25,0.22,0.28,0.22
15,15,4.502773284912109,69.4,0.31,0.03,0.04,0.36,0.02,0.02,0.02,0.5,0.02
16,16,4.502693176269531,100.0,0.05,0.03,0.03,0.02,0.02,0.02,0.06,1.57,0.03
17,17,4.504779815673828,61.9,1.26,0.7,0.82,0.42,0.41,0.31,1.46,0.33,0.24
18,18,4.504310607910156,60.8,0.07,0.05,1.13,0.16,0.22,0.17,0.15,0.17,0.16
19,19,4.504310607910156,12.0,1.81,1.25,0.56,1.32,0.28,0.37,0.32,0.39,0.23
20,20,4.504737854003906,37.1,0.05,0.02,0.02,0.02,0.02,0.02,0.05,1.3,0.03
21,21,4.511165618896484,100.0,0.06,0.85,0.27,0.23,0.23,0.23,0.2,0.22,0.25
22,22,4.5085296630859375,56.1,0.06,0.03,0.02,0.02,0.02,0.02,0.02,1.21,0.03
23,23,4.508598327636719,100.0,0.05,0.03,0.02,0.02,0.02,0.02,0.03,1.14,0.03
24,24,4.508720397949219,69.1,0.07,0.04,0.04,0.03,1.32,0.16,0.15,0.15,0.15
25,25,4.484416961669922,59.2,0.17,0.89,0.24,0.39,0.23,0.33,0.21,0.3,0.22
26,26,4.484416961669922,6.6,0.13,1.21,0.21,0.2,0.2,0.38,0.22,0.56,0.54
27,27,4.485248565673828,28.4,0.05,0.03,0.02,0.02,0.02,0.02,0.05,1.1,0.03
28,28,4.487438201904297,100.0,0.05,0.83,0.23,0.23,0.23,0.24,0.22,0.22,0.27
29,29,4.4859161376953125,54.2,0.33,0.03,0.05,0.02,0.5,0.03,0.02,0.02,0.02
30,30,4.484691619873047,100.0,0.05,0.03,0.02,0.02,0.02,0.02,0.95,0.03,0.02
31,31,4.48480224609375,61.5,0.09,1.35,0.23,0.23,0.23,0.22,0.52,0.57,0.43
32,32,4.484508514404297,54.6,0.11,1.06,0.37,0.27,0.28,0.25,0.56,0.66,0.78
33,33,4.484508514404297,16.0,0.11,2.93,0.63,0.57,0.42,0.41,0.5,0.45,0.31
34,34,4.484580993652344,46.3,0.06,0.03,0.02,0.02,0.02,0.02,0.05,1.15,0.03
35,35,4.4871978759765625,100.0,0.05,0.85,0.24,0.24,0.33,0.23,0.29,0.21,0.22
36,36,4.484394073486328,56.1,0.05,0.03,0.02,0.02,0.03,0.71,0.03,0.02,0.02
37,37,4.488250732421875,100.0,0.05,0.84,0.25,0.29,0.23,0.25,0.22,0.22,0.3
38,38,4.483600616455078,53.7,0.05,0.02,0.02,0.02,0.02,0.02,0.04,1.09,0.03
39,39,4.487327575683594,48.9,0.07,1.66,0.48,0.43,0.3,0.4,0.29,0.38,0.28
40,40,4.487438201904297,8.8,0.06,0.03,0.03,0.03,0.02,1.22,0.13,0.13,0.12
41,41,4.487613677978516,58.8,0.05,0.03,0.02,0.02,0.02,0.02,0.06,1.11,0.03
42,42,4.487674713134766,100.0,0.06,1.35,0.24,0.72,0.28,0.23,0.23,0.22,0.22
43,43,4.489078521728516,59.4,0.05,0.03,0.03,0.02,0.02,0.02,1.09,0.03,0.02
44,44,4.4911041259765625,100.0,0.05,0.84,0.38,0.23,0.53,0.24,0.26,0.22,0.22
45,45,4.488590240478516,54.6,0.09,0.03,0.02,0.02,0.02,0.02,0.02,0.02,1.22
46,46,4.487312316894531,45.4,1.06,0.68,0.36,0.44,0.43,0.69,0.21,0.36,0.54
47,47,4.487312316894531,3.2,0.09,0.05,1.35,0.21,0.2,0.26,0.19,0.19,0.21
48,48,4.487041473388672,60.8,0.04,0.85,0.25,0.29,0.29,0.3,0.43,0.25,0.36
49,49,4.48712158203125,93.9,2.05,0.31,0.35,0.24,0.29,0.32,0.29,0.24,0.21
50,50,4.486911773681641,61.2,0.04,1.37,0.14,0.12,1.59,0.17,0.12,0.12,0.15
51,51,4.489326477050781,100.0,0.39,0.58,0.24,0.23,0.3,0.25,0.31,0.22,0.2
52,52,4.488216400146484,54.6,0.06,0.03,0.02,0.02,0.02,0.02,0.99,0.03,0.02
53,53,4.492183685302734,100.0,0.05,0.03,0.02,0.02,0.02,0.02,0.05,1.07,0.03
54,54,4.492588043212891,66.7,0.08,0.04,1.31,0.19,0.17,0.19,0.18,0.18,0.18
55,55,4.497795104980469,52.5,0.17,1.64,0.59,0.93,0.9,0.25,1.02,0.27,0.24
56,56,4.497913360595703,2.2,0.06,0.03,0.03,0.03,0.03,1.3,0.12,0.16,0.12
57,57,4.5001678466796875,38.5,0.06,0.03,0.02,0.02,0.02,0.02,0.03,1.44,0.03
58,58,4.502910614013672,100.0,0.06,0.96,0.22,0.23,0.22,0.26,0.23,0.3,0.22
59,59,4.4989776611328125,60.8,0.04,0.03,0.02,0.02,0.02,0.02,0.91,0.03,0.37
60,60,4.499080657958984,100.0,0.06,0.03,0.02,0.02,0.02,0.02,0.05,1.43,0.15
61,61,4.499469757080078,70.1,0.05,0.89,0.24,0.23,0.22,0.24,0.27,0.22,0.27
62,62,4.498939514160156,53.1,0.07,0.74,0.17,0.17,0.17,0.16,0.21,0.22,0.24
63,63,4.498939514160156,15.1,2.49,0.93,0.43,0.58,0.62,0.64,0.59,0.51,0.37
64,64,4.499229431152344,40.8,0.05,0.03,0.03,0.02,0.02,0.02,0.05,0.02,1.24
65,65,4.502281188964844,100.0,0.06,3.58,0.24,0.23,0.23,0.28,0.21,0.21,0.21
66,66,4.497882843017578,57.1,0.05,0.03,0.03,0.02,0.02,0.02,0.02,1.09,0.03
67,67,4.504096984863281,100.0,0.1,0.89,0.29,0.28,0.28,0.24,0.26,0.22,0.22
68,68,4.498512268066406,52.1,0.05,0.03,0.02,0.02,0.02,0.02,1.0,0.03,0.02
69,69,4.502712249755859,56.6,0.06,0.97,0.48,0.12,0.32,0.35,0.12,0.28,0.23
70,70,4.502712249755859,7.5,0.06,0.03,0.02,0.02,0.03,0.02,1.42,0.19,0.03
71,71,4.502910614013672,46.9,0.04,0.02,0.02,0.02,0.02,0.02,0.02,1.31,0.03
72,72,4.507102966308594,100.0,0.11,1.11,0.53,0.32,0.27,0.33,0.24,0.29,0.24
73,73,4.5044403076171875,77.8,0.06,0.03,0.02,0.02,0.02,0.02,0.02,1.09,0.03
74,74,4.5044403076171875,100.0,0.06,0.03,0.02,0.02,0.02,0.05,0.02,2.01,0.13
75,75,4.504890441894531,63.6,0.06,0.08,0.03,0.02,1.11,0.13,0.12,0.12,0.12
76,76,4.505611419677734,59.4,0.06,0.03,0.03,0.02,0.02,0.02,0.99,0.03,0.02
77,77,4.505611419677734,8.4,0.06,0.75,0.13,0.13,0.12,0.17,0.12,0.12,0.12
78,78,4.506557464599609,35.1,0.05,0.03,0.02,0.02,0.02,0.02,0.02,1.11,0.03
79,79,4.51104736328125,100.0,0.04,0.6,0.27,0.37,0.21,0.23,0.22,0.22,3.41
80,80,4.505527496337891,54.6,0.05,0.03,0.02,0.02,0.02,0.02,0.02,1.36,0.18
81,81,4.505260467529297,100.0,0.06,0.03,0.03,0.02,0.02,0.02,0.02,1.09,0.03
82,82,4.505821228027344,69.1,0.07,1.24,0.22,0.18,0.28,0.21,0.18,0.18,0.57
83,83,4.507499694824219,65.3,0.06,0.03,0.08,0.03,0.85,0.03,0.27,0.03,0.45
84,84,4.507499694824219,6.5,0.09,0.05,1.48,0.23,0.22,0.29,0.49,0.48,0.23
85,85,4.508026123046875,14.1,0.06,0.03,0.03,0.02,0.02,0.03,0.98,0.03,0.02
86,86,4.5080718994140625,93.9,0.04,0.63,0.23,0.29,0.22,0.33,2.7,0.13,0.12
87,87,4.510154724121094,62.6,0.11,0.04,0.03,1.21,0.19,0.16,0.15,0.15,0.2
88,88,4.510875701904297,91.8,0.06,0.03,0.03,0.02,0.02,0.05,0.02,1.08,0.03
89,89,4.511543273925781,100.0,0.08,1.17,0.36,1.38,0.36,0.29,0.25,0.27,0.24
90,90,4.510097503662109,59.1,1.84,1.06,1.04,0.72,0.61,0.68,0.64,0.59,0.74
91,91,4.5111846923828125,61.2,0.04,0.03,0.03,0.02,0.03,0.03,0.21,0.13,0.37
92,92,4.4881744384765625,11.7,0.07,0.03,0.03,0.46,0.31,0.34,0.29,0.29,0.5
93,93,4.488361358642578,56.4,0.07,0.04,1.03,0.3,0.44,0.22,0.21,0.16,0.14
94,94,4.48870849609375,100.0,0.05,10.28,0.26,0.29,0.23,1.11,0.22,0.22,0.28
95,95,4.491062164306641,59.2,0.13,0.05,0.05,0.04,0.04,0.08,0.05,0.05,0.05
96,96,4.491588592529297,59.8,0.07,0.05,0.76,0.16,0.15,0.16,0.15,0.15,0.15
97,97,4.491588592529297,5.4,0.07,0.03,0.03,0.03,0.03,1.28,0.13,0.12,0.13
98,98,4.4917449951171875,29.5,0.05,0.03,0.02,0.02,0.02,0.02,0.02,1.11,0.03
99,99,4.492595672607422,100.0,0.06,1.14,0.34,0.24,0.27,0.24,0.27,0.23,0.22
100,100,4.4921417236328125,52.6,0.05,0.03,0.02,0.02,0.02,0.02,0.99,0.03,0.02
101,101,4.493370056152344,100.0,0.06,0.03,0.02,0.02,0.02,0.02,0.02,0.02,0.02
102,102,4.493816375732422,94.0,0.06,0.85,0.24,0.23,0.23,0.13,0.12,0.12,0.17
103,103,4.497489929199219,66.3,0.06,0.03,0.02,0.02,0.02,0.03,1.13,0.03,0.02
104,104,4.499492645263672,7.5,0.06,0.03,0.03,0.03,0.03,1.25,0.14,0.13,0.26
105,105,4.4995880126953125,8.3,0.06,0.03,0.05,1.17,0.14,0.18,0.12,0.12,0.12
106,106,4.499080657958984,82.7,0.06,0.03,0.02,0.02,0.02,0.02,0.03,1.19,0.03
107,107,4.499397277832031,86.9,0.08,0.04,0.04,1.07,0.14,0.13,0.12,0.12,0.12
108,108,4.501163482666016,69.4,0.05,0.03,0.02,0.02,0.02,0.02,0.03,1.58,0.03
109,109,4.501487731933594,100.0,0.05,0.83,0.25,0.23,0.22,0.24,0.22,0.27,0.21
110,110,4.501319885253906,52.6,0.06,0.03,0.03,0.02,0.02,0.02,1.15,0.03,0.02
111,111,4.487190246582031,62.6,0.06,0.93,0.14,0.12,0.12,0.13,0.19,0.13,0.12
112,112,4.487190246582031,5.3,1.65,0.16,0.13,0.12,0.12,0.17,0.12,1.05,0.13
113,113,4.488334655761719,59.4,0.05,0.63,0.24,0.56,0.24,0.24,0.22,0.27,0.22
114,114,4.491691589355469,100.0,0.05,0.87,0.23,0.23,0.22,0.25,0.2,0.28,0.34
115,115,4.487831115722656,55.7,0.06,0.03,0.03,0.04,0.03,0.89,0.03,0.02,0.39
116,116,4.487907409667969,100.0,0.04,0.03,0.02,0.02,0.02,0.02,0.02,1.11,0.03
117,117,4.486289978027344,70.7,0.06,0.03,0.11,0.03,1.23,0.15,0.13,0.13,0.18
118,118,4.486427307128906,57.9,0.1,0.03,0.14,0.72,0.13,0.12,0.13,0.12,0.2
119,119,4.486545562744141,5.4,0.07,0.04,0.04,0.03,1.3,0.14,0.14,0.13,0.13
120,120,4.486553192138672,25.0,0.06,0.03,0.03,0.03,0.02,0.06,1.05,0.03,0.02
121,121,4.488224029541016,100.0,0.06,0.89,0.3,0.25,0.28,0.27,0.22,0.22,0.23
122,122,4.487422943115234,60.8,0.06,0.03,0.03,0.03,0.03,0.15,0.15,0.17,0.13
123,123,4.4884796142578125,100.0,0.07,0.55,0.14,0.12,0.12,0.17,0.13,0.12,0.12
124,124,4.496742248535156,100.0,0.05,0.85,0.26,0.23,0.22,0.23,0.21,0.57,0.21
125,125,4.496158599853516,57.7,0.04,0.03,0.02,0.02,0.02,0.02,0.03,0.03,0.02
126,126,4.497646331787109,61.1,0.43,0.65,0.23,0.3,0.23,0.32,0.23,0.22,0.22
127,127,4.497913360595703,90.9,0.05,0.89,0.22,0.22,0.22,0.25,0.21,0.27,0.21
128,128,4.498741149902344,100.0,0.06,2.29,0.15,0.17,0.12,0.12,0.12,0.12,0.12
129,129,4.479888916015625,100.0,0.05,2.51,0.35,0.22,0.12,0.23,0.19,0.12,0.12
130,130,4.483875274658203,100.0,0.06,0.95,0.23,0.4,0.27,0.23,0.21,0.22,0.22
131,131,4.474922180175781,100.0,0.05,2.43,0.15,0.14,0.72,0.16,0.13,0.34,0.15
132,132,4.493690490722656,100.0,0.06,0.83,0.13,0.13,0.12,0.12,0.25,0.17,0.13
133,133,4.500846862792969,100.0,0.05,3.11,0.4,0.4,0.14,0.15,0.15,0.16,0.17
134,134,4.504676818847656,100.0,0.06,0.86,0.23,0.22,0.26,0.26,0.31,0.21,0.2
135,135,4.499725341796875,100.0,0.08,0.62,0.38,0.13,0.12,0.22,0.15,0.12,0.12
136,136,4.502216339111328,100.0,0.09,1.33,0.24,0.31,0.23,0.27,0.31,0.29,0.22
137,137,4.5026702880859375,96.0,0.07,0.31,0.24,0.23,0.23,0.25,0.22,0.31,0.21
138,138,4.502708435058594,9.7,0.05,0.04,0.03,0.02,0.02,2.61,0.14,0.5,1.08
139,139,4.497016906738281,77.0,0.33,0.03,0.07,0.37,0.03,0.02,0.4,0.03,0.02
140,140,4.497463226318359,97.0,0.06,0.97,0.34,0.24,0.27,0.23,0.3,0.23,0.22
141,141,4.499835968017578,58.3,0.05,0.03,0.02,0.02,0.02,0.02,0.04,1.11,0.03
142,142,4.509395599365234,100.0,0.05,0.68,0.12,0.12,0.12,0.12,0.15,0.14,0.13
143,143,4.502460479736328,56.1,0.07,0.05,0.03,1.15,0.15,0.14,0.17,0.12,0.12
144,144,4.505870819091797,98.0,0.05,0.03,0.03,0.04,0.81,0.03,0.35,0.03,0.03
145,145,4.510868072509766,100.0,0.05,0.93,0.3,0.28,0.28,0.3,0.35,0.23,0.27
146,146,4.506195068359375,51.5,0.06,0.03,0.02,0.08,0.77,0.03,0.28,0.03,0.32
147,147,4.506206512451172,52.5,0.06,0.03,0.03,0.02,0.08,0.92,0.03,0.02,0.71
148,148,4.505760192871094,7.6,4.9,1.27,0.76,0.74,0.79,0.67,0.85,0.46,0.46
149,149,4.506145477294922,50.5,0.06,0.03,0.02,0.02,0.02,0.02,0.05,1.09,0.03
150,150,4.5111846923828125,100.0,0.06,1.02,0.29,0.25,0.23,0.25,0.22,0.21,0.35
151,151,4.506237030029297,55.2,0.06,0.03,0.03,0.02,0.02,0.05,1.02,0.03,0.02
152,152,4.50762939453125,100.0,0.05,0.03,0.03,0.02,0.02,0.02,0.03,1.09,0.03
153,153,4.508060455322266,98.0,0.06,0.96,0.28,0.24,0.23,0.24,0.28,0.22,0.22
154,154,4.510738372802734,56.7,0.06,0.03,0.03,0.02,0.07,1.01,0.03,0.33,0.03
155,155,4.511604309082031,8.4,0.1,1.47,0.26,0.27,0.55,0.53,0.61,0.27,0.2
156,156,4.511600494384766,4.2,0.08,0.03,0.02,0.02,0.02,0.02,1.31,0.18,0.15
157,157,4.512187957763672,51.6,0.06,0.03,0.02,0.02,0.04,0.02,0.99,0.03,0.02
158,158,4.517242431640625,100.0,0.05,0.77,0.23,0.23,0.23,0.24,0.27,0.23,0.22
159,159,4.515598297119141,61.1,0.05,0.03,0.03,0.03,0.02,0.03,1.02,0.03,0.02
160,160,4.5222930908203125,100.0,0.05,0.03,0.03,0.02,0.02,0.02,0.02,1.09,0.03
161,161,4.522796630859375,97.0,0.11,2.21,0.48,0.47,0.47,0.56,0.39,0.39,0.33
162,162,4.529651641845703,58.5,0.04,0.03,0.02,0.02,0.02,0.02,0.05,1.41,0.03
163,163,4.529716491699219,20.4,0.05,0.88,0.25,0.29,0.24,0.29,0.22,0.23,0.23
164,164,4.5297088623046875,17.9,0.06,0.03,0.03,0.03,0.03,0.02,1.31,0.13,0.17
165,165,4.529850006103516,88.8,0.06,0.03,0.03,0.03,0.02,0.02,1.28,0.13,0.15
166,166,4.530422210693359,82.0,0.11,1.02,0.18,0.17,0.17,0.38,0.49,0.42,0.37
167,167,4.532127380371094,72.2,0.06,0.03,0.03,0.02,0.02,0.06,0.02,2.13,0.24
168,168,4.537471771240234,100.0,0.06,0.81,0.23,0.24,0.22,0.38,0.22,0.22,0.22
169,169,4.532283782958984,53.5,0.06,0.03,0.02,0.02,0.02,0.03,1.19,0.22,0.03
170,170,4.536766052246094,42.1,0.07,1.31,0.35,0.29,0.35,0.28,0.27,0.22,0.27
171,171,4.536754608154297,1.1,1.18,0.73,0.52,0.45,1.19,0.29,0.67,0.34,0.23
172,172,4.536983489990234,59.8,0.05,0.03,0.02,0.02,0.02,0.02,0.02,0.02,0.02
173,173,4.542560577392578,100.0,0.06,0.83,0.23,0.24,0.22,0.28,0.21,0.22,0.21
174,174,4.538784027099609,52.6,0.04,0.03,0.03,0.02,0.02,0.02,0.03,1.18,0.03
175,175,4.5390167236328125,100.0,0.04,0.03,0.03,0.02,0.03,0.9,0.03,0.02,0.37
176,176,4.539539337158203,74.5,0.07,0.03,0.03,0.14,0.12,0.12,0.12,0.12,0.12
177,177,4.540378570556641,52.6,0.06,0.03,0.03,0.03,0.02,0.98,0.07,0.03,0.4
178,178,4.540378570556641,2.2,0.07,0.03,0.03,0.03,1.39,0.16,0.16,0.15,0.15
179,179,4.540565490722656,21.5,0.05,0.03,0.02,0.02,0.02,0.02,0.03,0.02,0.02
180,180,4.543060302734375,100.0,0.06,0.87,0.29,0.24,0.23,0.25,0.21,0.25,0.21
181,181,4.541172027587891,52.6,0.06,0.03,0.03,0.02,0.06,0.02,1.34,0.13,0.17
182,182,4.542152404785156,100.0,0.05,0.03,0.03,0.02,0.02,0.02,1.01,0.03,0.02
183,183,4.550117492675781,100.0,0.06,0.79,0.22,0.23,0.22,0.45,0.2,0.27,0.21
184,184,4.546367645263672,52.5,0.06,0.03,0.02,0.02,0.02,0.04,0.97,0.03,0.02
185,185,4.5465545654296875,14.9,0.08,0.1,1.23,0.18,0.29,0.19,0.17,0.18,0.17
186,186,4.546550750732422,2.1,0.06,0.03,0.03,0.02,0.02,1.25,0.14,0.13,0.13
187,187,4.547725677490234,66.7,0.04,0.03,0.03,0.02,0.02,0.02,1.0,0.03,0.02
188,188,4.553184509277344,100.0,0.04,0.8,0.36,0.22,0.23,0.29,0.21,0.21,0.2
189,189,4.5471954345703125,53.1,0.04,0.03,0.03,0.02,0.02,0.02,0.02,1.11,0.03
190,190,4.547176361083984,8.5,0.06,0.04,0.03,0.03,1.13,0.13,0.13,0.13,0.13
191,191,4.547176361083984,3.2,0.06,0.03,0.03,0.02,0.02,0.14,0.14,0.12,0.12
192,192,4.547718048095703,89.9,0.11,0.03,0.03,0.62,0.17,0.16,0.03,0.24,0.03
193,193,4.551261901855469,94.1,0.06,1.05,0.14,0.13,0.13,0.12,0.12,0.17,0.77
194,194,4.554046630859375,59.2,0.06,0.03,0.03,0.02,0.02,0.02,1.06,0.03,0.02
195,195,4.55950927734375,100.0,0.06,0.84,0.25,0.24,1.0,0.25,0.22,0.26,0.21
196,196,4.537845611572266,59.2,0.05,0.03,0.03,0.02,0.02,0.02,1.03,0.03,0.02
197,197,4.539875030517578,49.5,0.06,0.03,0.02,0.03,0.02,0.02,0.02,1.16,0.03
198,198,4.5398712158203125,6.3,0.06,0.7,0.18,0.13,0.13,0.12,0.12,0.12,0.12
199,199,4.5401611328125,47.9,0.05,0.03,0.02,0.02,0.02,0.02,0.03,1.3,0.03
200,200,4.543369293212891,100.0,0.06,0.79,0.23,0.23,0.22,0.28,0.21,0.33,0.22
201,201,4.539844512939453,52.6,0.06,0.03,0.03,0.02,0.02,0.02,1.03,0.03,0.02
202,202,4.540927886962891,100.0,0.05,0.03,0.02,0.02,0.02,0.02,0.03,1.06,0.03
203,203,4.541477203369141,92.0,0.06,0.85,0.25,0.33,0.28,0.29,0.22,0.32,0.23
204,204,4.544178009033203,53.1,0.14,1.46,0.3,0.28,0.39,0.28,0.37,0.22,0.23
205,205,4.544284820556641,7.7,0.06,0.03,0.04,0.03,0.02,1.23,0.13,0.16,0.12
206,206,4.544208526611328,5.3,0.07,0.03,0.02,0.02,0.02,0.02,1.26,0.21,0.03
207,207,4.544521331787109,91.9,0.06,0.03,0.02,0.02,0.02,0.02,0.02,1.19,0.03
208,208,4.542201995849609,86.7,1.11,2.43,0.54,0.52,0.51,0.38,0.35,0.34,0.41
209,209,4.545314788818359,69.0,0.06,1.76,0.34,0.12,0.17,0.23,0.13,0.12,0.12
210,210,4.54913330078125,100.0,0.06,0.84,0.24,0.25,0.23,0.26,0.22,0.21,0.22
211,211,4.545845031738281,52.1,0.04,0.03,0.03,0.02,0.02,0.02,1.0,0.03,0.02
212,212,4.5458221435546875,54.1,0.06,0.61,0.25,0.28,0.24,0.35,0.19,0.13,0.12
213,213,4.545818328857422,1.1,0.06,0.06,0.03,0.03,0.02,0.02,1.35,0.03,0.27
214,214,4.545772552490234,38.8,0.06,0.8,0.13,0.29,0.3,0.12,0.12,0.12,0.11
215,215,4.549903869628906,100.0,0.06,0.84,0.29,0.23,0.23,0.27,0.22,0.28,0.22
216,216,4.545894622802734,52.0,0.05,0.03,0.02,0.02,0.02,0.02,0.02,1.1,0.03
217,217,4.52984619140625,100.0,0.05,0.03,0.03,0.02,0.02,0.02,0.03,1.12,0.03
218,218,4.5364227294921875,100.0,0.05,0.82,0.22,0.22,0.21,0.28,0.22,0.22,0.21
219,219,4.532512664794922,54.6,0.31,0.03,0.07,0.03,0.02,0.58,0.05,0.02,0.02
220,220,4.532558441162109,16.0,0.11,1.51,0.26,0.42,0.33,0.46,0.69,0.63,0.54
221,221,4.532558441162109,2.2,0.1,0.56,0.31,0.25,0.25,0.43,0.33,0.33,0.33
222,222,4.532676696777344,86.1,0.05,0.03,0.02,0.02,0.02,0.02,0.05,1.05,0.03
223,223,4.5403900146484375,100.0,0.05,0.81,0.26,0.22,0.22,0.23,0.21,0.3,0.2
224,224,4.5354156494140625,53.1,0.05,0.03,0.02,0.02,0.02,0.02,0.03,1.09,0.03
225,225,4.539764404296875,100.0,0.04,0.88,0.23,0.23,0.22,0.28,0.23,0.29,0.22
226,226,4.5359344482421875,67.3,0.07,0.95,0.16,0.16,0.15,0.28,0.15,0.16,0.22
227,227,4.531982421875,53.1,0.18,1.46,0.29,0.21,0.27,0.19,0.56,0.19,0.19
228,228,4.531749725341797,4.3,0.06,0.03,0.07,0.03,0.03,1.32,0.13,0.13,0.12
229,229,4.531429290771484,35.5,0.06,0.9,0.13,0.12,0.15,0.12,0.21,0.13,0.13
230,230,4.5399169921875,100.0,0.06,0.88,0.24,0.23,0.23,0.24,0.22,0.22,0.22
231,231,4.535121917724609,52.6,0.04,0.03,0.03,0.02,0.02,0.02,0.03,1.17,0.03
232,232,4.536205291748047,100.0,0.04,0.03,0.02,0.02,0.02,0.02,0.02,1.06,0.03
233,233,4.517707824707031,100.0,0.05,0.81,0.22,0.22,0.21,0.43,0.21,0.27,0.2
234,234,4.512035369873047,55.2,0.04,0.03,0.03,0.02,0.02,0.02,1.0,0.03,0.02
235,235,4.522602081298828,100.0,0.05,0.98,0.27,0.22,0.22,0.27,0.21,0.31,0.21
236,236,4.512493133544922,61.7,0.09,0.05,1.5,0.21,0.19,0.26,0.19,0.26,0.5
237,237,4.511997222900391,59.4,0.09,0.04,0.04,0.88,0.17,0.17,0.19,0.37,0.04
238,238,4.511993408203125,4.3,0.06,0.03,0.07,0.04,0.03,1.26,0.12,0.16,0.12
239,239,4.512180328369141,34.4,0.05,3.22,0.32,0.31,0.12,0.24,0.25,0.13,0.16
240,240,4.516536712646484,100.0,0.05,0.86,0.24,0.28,0.34,0.27,0.36,0.25,0.4
241,241,4.512615203857422,53.6,0.07,0.04,0.03,0.03,0.87,0.25,0.03,0.02,0.64
242,242,4.514892578125,98.0,0.06,0.04,0.03,0.03,0.03,0.02,0.03,1.11,0.03
243,243,4.521282196044922,100.0,0.08,1.16,0.34,0.23,0.28,0.25,0.42,0.21,0.2
244,244,4.515419006347656,54.7,0.07,0.03,0.03,0.03,0.02,0.02,1.21,0.14,0.12
245,245,4.5153350830078125,14.0,0.06,0.03,0.02,0.17,0.12,0.12,0.12,0.17,0.12
246,246,4.515445709228516,3.3,0.09,1.88,0.83,0.23,0.24,0.3,0.22,0.3,0.22
247,247,4.515735626220703,86.0,0.06,0.03,0.02,0.02,0.02,0.02,0.05,1.11,0.02
248,248,4.5162506103515625,100.0,0.06,0.89,0.32,0.24,0.27,0.25,0.22,0.24,0.24
249,249,4.516956329345703,72.2,0.06,0.89,0.17,0.39,0.33,0.56,0.14,0.13,0.13
250,250,4.524051666259766,100.0,0.05,1.28,0.24,0.23,0.23,0.24,0.24,0.23,0.31
251,251,4.517841339111328,75.5,0.06,0.03,0.03,0.03,0.02,1.23,0.13,0.13,0.25
252,252,4.520427703857422,66.7,0.07,0.04,0.04,0.68,0.18,0.03,0.25,0.03,0.25
253,253,4.520969390869141,10.6,0.06,0.03,0.02,0.03,0.02,0.02,1.27,0.13,0.12
254,254,4.520809173583984,17.2,0.06,0.03,0.03,0.02,0.02,0.05,0.03,1.09,0.03
255,255,4.519927978515625,100.0,0.05,0.03,0.02,0.02,0.02,0.02,0.04,1.13,0.03
256,256,4.520519256591797,74.2,0.06,0.03,0.03,0.03,0.02,0.02,1.28,0.16,0.21
257,257,4.520267486572266,80.6,0.05,0.03,0.02,0.02,0.02,0.02,0.03,0.02,0.02
258,258,4.526397705078125,100.0,0.05,0.84,0.22,0.23,0.22,0.28,0.43,0.2,0.26
259,259,4.519252777099609,56.1,0.05,0.03,0.03,0.02,0.02,0.02,0.03,0.02,0.02
260,260,4.523628234863281,42.1,0.08,0.05,0.89,0.18,0.25,0.18,0.18,0.25,0.19
261,261,4.523624420166016,7.4,0.09,1.31,0.3,0.23,0.22,0.22,0.23,0.24,0.22
262,262,4.524330139160156,63.3,0.05,1.17,0.25,0.25,0.24,0.27,0.23,0.39,0.29
263,263,4.533393859863281,100.0,0.06,0.77,0.22,0.22,0.22,0.24,0.3,0.22,0.22
264,264,4.52825927734375,52.6,0.06,0.03,0.03,0.02,0.02,0.02,0.03,1.36,0.03
265,265,4.5321044921875,100.0,0.05,0.03,0.03,0.02,0.02,0.02,0.03,1.06,0.03
266,266,4.53265380859375,100.0,0.06,1.25,0.22,0.25,0.22,0.39,1.7,0.59,0.23
267,267,4.532279968261719,52.6,0.06,0.03,0.03,0.02,0.02,1.0,0.03,0.02,0.35
268,268,4.532253265380859,7.4,1.53,1.24,0.75,0.7,0.73,0.49,2.17,0.76,0.4
269,269,4.532329559326172,14.6,0.06,0.03,0.03,0.02,0.02,1.21,0.12,0.16,0.12
270,270,4.532585144042969,98.0,0.05,0.03,0.02,0.02,0.02,0.02,0.05,1.08,0.03
271,271,4.533012390136719,78.6,0.06,0.03,0.94,0.13,0.12,0.13,0.13,0.13,0.13
272,272,4.534950256347656,83.3,0.06,0.03,0.02,0.02,0.02,0.02,0.99,0.03,0.02
273,273,4.539569854736328,100.0,0.05,0.82,0.23,0.23,0.23,0.27,0.22,0.28,0.22
274,274,4.535320281982422,53.1,0.05,0.03,0.03,0.02,0.02,0.02,2.53,0.14,0.33
275,275,4.535884857177734,54.7,0.15,0.86,0.22,0.36,0.21,0.21,0.21,0.48,0.21
276,276,4.535877227783203,5.4,0.07,0.69,0.15,0.15,0.14,0.14,0.14,0.14,0.31
277,277,4.536167144775391,48.5,0.05,0.03,0.03,0.02,0.02,0.02,0.03,1.07,0.03
278,278,4.541938781738281,100.0,0.05,0.85,0.22,0.24,0.31,0.25,0.22,0.21,0.21
279,279,4.536212921142578,55.1,0.06,0.03,0.03,0.02,0.02,0.02,0.03,1.2,0.03
280,280,4.538410186767578,100.0,0.04,0.03,0.02,0.02,0.02,0.02,0.04,1.1,0.03
281,281,4.545524597167969,100.0,0.06,0.71,0.24,0.23,0.23,0.25,0.21,0.21,0.26
282,282,4.543357849121094,65.6,0.05,0.03,0.03,0.02,0.02,0.02,0.03,0.02,0.02
283,283,4.543392181396484,7.6,0.06,0.03,0.04,0.03,1.21,0.13,0.24,0.12,0.12
284,284,4.543384552001953,7.5,0.05,0.87,0.16,0.16,0.3,0.15,0.15,0.2,0.15
285,285,4.5438079833984375,92.9,0.05,0.03,0.02,0.02,0.02,0.02,0.02,0.02,0.02
286,286,4.544212341308594,87.8,1.73,0.56,1.3,0.3,1.61,0.45,0.29,0.57,0.91
287,287,4.545997619628906,71.7,0.05,0.03,0.02,0.02,0.02,0.62,0.03,0.02,0.02
288,288,4.5518035888671875,100.0,0.05,1.52,1.03,0.24,0.23,0.23,0.22,0.22,0.21
289,289,4.5460662841796875,54.7,0.06,0.03,0.03,0.02,0.02,0.02,1.01,0.03,0.02
290,290,4.550628662109375,48.5,0.08,0.69,0.19,0.18,0.18,0.17,0.25,0.18,0.41
291,291,4.550628662109375,3.4,0.09,1.26,0.23,0.23,0.5,0.21,0.46,0.31,0.18
292,292,4.5515289306640625,67.0,0.05,0.03,0.03,0.03,0.02,0.02,1.01,0.03,0.02
293,293,4.557781219482422,100.0,0.05,0.82,0.22,0.23,0.23,0.24,0.21,0.32,0.22
294,294,4.553302764892578,53.1,0.04,0.03,0.03,0.02,0.02,0.02,0.05,1.09,0.03
295,295,4.553951263427734,100.0,0.05,0.03,0.02,0.02,0.02,0.02,0.02,0.02,1.18
296,296,4.553489685058594,79.4,0.06,0.03,0.03,0.03,0.03,0.03,0.06,0.03,0.03
297,297,4.5567169189453125,53.7,0.06,0.03,0.03,0.02,0.02,0.92,0.03,0.02,0.37
298,298,4.556678771972656,5.3,0.08,0.04,1.23,0.19,0.18,0.39,0.19,0.25,0.18
299,299,4.556781768798828,12.2,0.06,0.03,0.03,0.03,0.02,0.12,0.12,0.13,0.12
300,300,4.557209014892578,99.0,0.05,0.03,0.02,0.04,0.02,0.03,1.09,0.03,0.02
301,301,4.557334899902344,78.6,0.06,1.62,0.24,0.27,0.23,0.53,0.22,0.12,0.12
302,302,4.5587615966796875,61.2,0.07,0.03,0.03,0.03,0.02,1.0,0.03,0.02,0.02
303,303,4.55877685546875,6.5,0.06,0.78,0.13,0.12,0.12,0.13,0.12,0.12,0.12
304,304,4.558979034423828,25.3,0.05,0.03,0.02,0.02,0.02,0.02,0.05,1.08,0.03
305,305,4.559001922607422,100.0,0.06,0.03,0.02,0.02,0.03,0.02,0.03,1.19,0.03
306,306,4.559318542480469,79.6,0.17,2.44,0.72,1.63,0.33,0.23,0.3,0.24,1.64
307,307,4.559871673583984,79.0,0.04,1.56,0.13,0.13,0.83,0.12,0.17,0.12,0.12
308,308,4.565937042236328,100.0,0.04,0.8,0.22,0.36,0.23,0.34,0.21,0.21,0.21
309,309,4.563224792480469,64.6,0.06,0.88,0.24,0.25,0.23,0.29,0.22,0.3,0.23
310,310,4.568046569824219,57.3,0.14,0.71,0.21,0.21,0.2,0.2,0.22,0.21,0.29
311,311,4.5680389404296875,10.5,0.06,0.03,0.03,0.03,0.02,0.02,1.29,0.13,0.15
312,312,4.568336486816406,47.4,0.06,0.03,0.02,0.02,0.02,0.02,0.06,1.07,0.03
313,313,4.572994232177734,100.0,0.05,0.77,0.22,0.23,0.22,0.25,0.21,0.21,0.29
314,314,4.5687255859375,53.6,0.04,1.13,0.39,0.12,0.37,0.12,0.2,0.13,0.13
315,315,4.570476531982422,100.0,0.08,0.03,0.02,0.02,0.72,0.03,0.34,0.02,0.02
316,316,4.578014373779297,100.0,0.05,0.83,0.22,0.22,0.21,0.28,0.21,0.21,0.21
317,317,4.570915222167969,55.2,0.05,0.03,0.02,0.02,0.02,0.02,0.03,1.22,0.02
318,318,4.5714874267578125,16.3,1.7,0.52,1.54,0.35,0.35,0.25,0.26,0.35,0.25
319,319,4.5714874267578125,6.5,1.22,0.63,1.02,0.3,0.89,0.29,0.69,0.45,0.23
320,320,4.572002410888672,88.0,0.06,0.03,0.02,0.02,0.02,0.02,0.02,0.02,0.02
321,321,4.57855224609375,100.0,0.05,2.42,0.14,0.16,0.12,0.12,0.11,0.12,0.12
322,322,4.572551727294922,57.9,0.04,0.03,0.02,0.02,0.02,0.02,1.17,0.03,0.02
323,323,4.574897766113281,100.0,0.05,0.03,0.02,0.02,0.02,0.02,0.09,1.11,0.03
324,324,4.575275421142578,88.0,1.12,0.67,0.44,0.55,0.88,0.27,0.27,0.22,0.44
325,325,4.577056884765625,55.7,0.19,0.85,0.23,0.44,0.22,0.56,0.45,0.42,0.22
326,326,4.577182769775391,5.4,1.18,0.72,0.78,0.32,0.98,0.29,0.28,0.25,0.23
327,327,4.5775909423828125,21.3,0.04,0.03,0.03,0.02,0.02,0.02,0.03,1.06,0.03
328,328,4.577907562255859,100.0,0.04,0.68,0.28,0.24,0.23,0.24,0.21,0.26,0.21
329,329,4.578197479248047,78.4,0.08,0.04,1.23,0.18,0.24,0.18,0.17,0.4,0.17
330,330,4.580085754394531,78.8,0.04,0.56,0.23,0.29,0.24,0.24,0.23,0.23,0.28
331,331,4.584236145019531,100.0,0.06,0.69,0.12,0.12,0.12,0.12,0.12,0.12,0.12
332,332,4.580959320068359,60.2,0.09,1.62,0.35,0.26,0.28,0.32,0.26,0.21,0.45
333,333,4.582801818847656,53.1,0.17,0.79,0.21,0.2,0.2,0.2,0.27,0.21,0.18
334,334,4.583431243896484,5.6,0.07,0.04,0.03,1.29,0.16,0.21,0.15,0.15,0.15
335,335,4.585071563720703,50.5,0.05,0.03,0.03,0.02,0.02,0.05,1.23,0.13,0.14
336,336,4.591197967529297,100.0,0.05,0.93,0.23,0.24,0.22,0.25,0.22,0.27,0.21
337,337,4.587776184082031,55.8,0.11,0.6,0.7,0.13,0.13,0.27,0.44,0.13,0.17
338,338,4.584449768066406,99.0,0.05,0.03,0.02,0.02,0.02,0.02,0.04,1.47,0.03
339,339,4.590572357177734,100.0,0.06,0.86,0.31,0.23,0.26,0.24,0.21,0.22,0.21
340,340,4.586402893066406,53.6,0.05,0.03,0.02,0.02,0.02,0.02,0.03,1.26,0.03
341,341,4.588417053222656,49.0,0.06,0.03,0.06,0.04,0.93,0.19,0.18,0.03,0.44
342,342,4.588417053222656,4.4,0.07,0.04,0.04,0.03,1.25,0.16,0.15,0.14,0.14
343,343,4.588291168212891,64.9,0.05,0.03,0.03,0.02,0.02,0.02,0.03,1.08,0.03
344,344,4.596820831298828,100.0,0.04,0.87,0.32,0.22,0.21,0.24,0.21,0.27,0.21
345,345,4.590232849121094,53.1,0.05,0.03,0.02,0.02,0.02,0.02,0.03,1.14,0.03
346,346,4.592231750488281,100.0,0.05,0.03,0.02,0.02,0.02,0.02,0.02,0.02,0.02
347,347,4.599845886230469,100.0,0.06,0.93,0.22,0.37,0.2,0.23,0.23,0.21,0.27
348,348,4.593784332275391,55.7,0.05,0.03,0.03,0.02,0.02,0.03,0.03,0.02,0.02
349,349,4.594001770019531,11.6,0.06,0.03,0.08,1.51,0.13,0.13,0.13,0.13,0.13
350,350,4.594001770019531,6.7,0.1,1.51,0.26,0.33,0.27,0.49,0.24,0.25,2.08
351,351,4.593879699707031,92.2,0.05,0.03,0.02,0.02,0.02,0.02,0.05,1.05,0.03
352,352,4.601356506347656,100.0,0.05,0.81,0.22,0.26,0.22,0.22,0.21,0.21,0.27
353,353,4.593730926513672,56.2,0.05,0.03,0.02,0.02,0.02,0.02,0.03,1.22,0.03
354,354,4.594047546386719,100.0,0.05,0.57,0.22,0.26,0.23,0.23,0.21,0.21,0.36
355,355,4.594429016113281,77.8,1.69,0.93,0.53,2.22,1.02,0.29,0.44,0.29,0.29
356,356,4.594413757324219,80.8,0.05,0.03,0.02,0.02,0.02,0.02,0.03,1.12,0.03
357,357,4.600944519042969,100.0,0.05,0.84,0.22,0.28,0.23,0.27,0.23,0.21,0.21
358,358,4.594627380371094,54.7,0.05,0.03,0.02,0.03,0.02,0.02,0.03,1.2,0.03
359,359,4.595386505126953,44.2,1.48,0.88,0.45,0.35,0.26,0.26,0.28,0.36,0.27
360,360,4.595386505126953,8.7,1.26,0.63,0.29,0.28,0.9,0.28,0.36,0.28,0.27
361,361,4.596210479736328,65.6,0.05,0.03,0.03,0.02,0.02,0.02,0.99,0.03,0.02
362,362,4.603702545166016,100.0,0.05,0.83,0.23,0.22,0.22,0.26,0.31,0.33,0.21
363,363,4.597557067871094,52.6,0.05,0.03,0.03,0.02,0.02,0.02,0.98,0.03,0.02
364,364,4.600131988525391,100.0,0.04,0.03,0.02,0.02,0.02,0.02,0.96,0.03,0.02
365,365,4.6090850830078125,100.0,0.04,0.87,0.23,0.23,0.22,0.23,0.21,0.33,0.21
366,366,4.602931976318359,57.3,0.06,0.03,0.02,0.03,0.02,0.02,0.02,1.08,0.03
367,367,4.604099273681641,19.6,1.7,0.58,0.44,0.62,1.98,0.29,0.49,0.3,0.32
368,368,4.604099273681641,8.8,0.11,1.63,0.27,0.74,0.46,0.24,0.24,0.38,0.3
369,369,4.604927062988281,87.0,0.05,0.03,0.02,0.02,0.02,0.02,0.03,1.07,0.03
370,370,4.613121032714844,100.0,0.06,0.5,0.25,0.3,0.21,0.24,0.21,0.2,0.35
371,371,4.605075836181641,57.7,0.32,0.03,0.05,0.02,0.51,0.03,0.02,0.02,0.02
372,372,4.605445861816406,100.0,0.06,0.03,0.02,0.02,0.02,0.02,0.02,1.17,0.03
373,373,4.605884552001953,82.7,1.67,1.32,0.7,0.51,0.69,0.52,0.4,0.48,0.5
374,374,4.603008270263672,55.1,0.09,0.46,0.14,0.14,0.13,0.13,0.13,0.14,0.13
375,375,4.603004455566406,4.5,1.95,0.71,0.25,0.26,0.24,0.25,0.22,0.23,0.29
376,376,4.603099822998047,26.0,0.05,0.03,0.02,0.02,0.02,0.02,0.03,1.08,0.03
377,377,4.606349945068359,100.0,0.05,0.81,0.23,0.23,0.23,0.44,0.21,0.28,0.21
378,378,4.603687286376953,79.2,0.07,0.04,0.03,0.03,1.33,0.21,0.15,0.23,0.03
379,379,4.603580474853516,79.0,0.04,0.46,0.12,0.12,0.12,0.11,0.11,0.12,0.12
380,380,4.610191345214844,100.0,0.05,0.78,0.22,0.3,0.27,0.23,0.31,0.2,0.27
381,381,4.6038970947265625,61.6,0.05,0.03,0.02,0.02,0.02,0.02,0.03,0.02,1.16
382,382,4.602687835693359,54.6,0.12,0.04,0.04,0.98,0.27,0.17,0.26,0.03,0.36
383,383,4.602806091308594,4.3,0.06,0.03,0.03,0.03,0.03,1.31,0.13,0.12,0.13
384,384,4.602962493896484,50.0,0.05,0.46,0.13,0.12,0.12,0.12,0.12,0.28,0.12
385,385,4.607845306396484,100.0,0.06,0.76,0.13,0.13,0.3,0.33,0.51,0.12,0.12
386,386,4.602996826171875,58.3,0.19,1.32,0.3,0.23,0.3,0.52,0.22,0.24,0.22
387,387,4.603050231933594,97.0,0.04,0.03,0.02,0.02,0.06,0.02,1.07,0.03,0.02
388,388,4.609981536865234,100.0,0.06,0.79,0.22,0.22,0.23,0.24,0.21,0.38,0.2
389,389,4.605556488037109,54.7,0.05,0.03,0.02,0.03,0.02,0.02,0.03,1.19,0.03
390,390,4.606052398681641,34.8,0.09,0.05,1.51,0.21,0.27,0.2,0.2,0.49,0.52
391,391,4.606044769287109,18.5,1.11,0.62,0.35,0.61,0.35,0.28,0.36,0.26,0.32
392,392,4.606571197509766,72.7,0.05,0.03,0.02,0.02,0.03,0.02,0.05,1.34,0.19
393,393,4.6115264892578125,100.0,0.05,0.8,0.29,0.23,0.69,0.24,0.21,0.21,0.3
394,394,4.606742858886719,57.9,0.05,0.03,0.02,0.02,0.02,0.02,0.03,1.17,0.03
395,395,4.607051849365234,100.0,0.05,0.03,0.02,0.02,0.02,0.02,0.05,1.16,0.03
396,396,4.607486724853516,93.9,0.06,0.03,0.03,0.03,0.02,1.2,0.12,0.12,0.12
397,397,4.607982635498047,54.6,0.06,0.03,0.03,0.03,0.02,0.03,1.0,0.03,0.02
398,398,4.608573913574219,10.6,0.05,0.03,0.02,0.02,0.02,0.02,1.31,0.14,0.14
399,399,4.60858154296875,8.7,0.06,0.03,0.02,0.02,0.02,1.25,0.13,0.13,0.15
400,400,4.6088104248046875,99.0,0.06,0.03,0.02,0.02,0.02,0.02,0.03,1.26,0.03
401,401,4.609790802001953,98.0,1.5,0.88,0.59,0.58,0.6,0.51,0.47,0.48,0.41
402,402,4.610206604003906,52.6,0.06,0.03,0.04,0.04,0.81,0.03,0.26,0.03,0.4
403,403,4.610206604003906,7.6,1.5,0.9,0.38,0.29,0.28,0.32,0.64,0.23,0.4
404,404,4.610225677490234,10.8,0.06,0.04,1.01,0.14,0.12,0.12,0.12,0.17,0.12
405,405,4.610569000244141,98.0,0.05,0.03,0.02,0.02,0.02,0.02,0.99,0.03,0.02
406,406,4.6108551025390625,94.0,0.06,0.95,0.24,0.24,0.24,0.14,0.12,0.12,0.12
407,407,4.610774993896484,61.5,0.05,0.02,0.02,0.02,0.02,0.02,0.02,1.57,0.12
408,408,4.621273040771484,100.0,0.06,0.87,0.24,0.23,0.24,0.25,0.22,0.32,0.23
409,409,4.611934661865234,75.3,1.63,0.95,0.53,0.65,0.61,0.57,0.41,0.4,0.89
410,410,4.611789703369141,57.7,0.12,1.11,0.33,0.38,1.16,0.7,0.31,0.5,0.25
411,411,4.611907958984375,16.3,0.1,0.32,0.29,0.35,0.97,0.27,0.52,0.27,0.21
412,412,4.611824035644531,28.4,0.05,0.03,0.02,0.02,0.02,0.02,0.02,1.04,0.03
413,413,4.612373352050781,100.0,0.05,0.6,0.23,0.27,0.22,0.28,0.21,0.22,0.22
414,414,4.6125946044921875,80.8,0.06,0.03,0.03,0.03,0.03,1.23,0.13,0.24,0.15
415,415,4.612327575683594,77.0,0.06,0.03,0.02,0.02,0.02,0.02,0.02,1.15,0.03
416,416,4.616645812988281,100.0,0.05,0.93,0.23,0.25,0.23,0.24,0.21,0.33,0.21
417,417,4.613178253173828,57.7,1.53,0.7,0.51,0.62,0.48,0.56,0.39,0.4,0.4
418,418,4.611419677734375,55.8,0.1,0.88,0.32,0.24,0.31,0.23,0.45,0.23,1.07
419,419,4.611419677734375,8.7,1.25,0.47,0.33,0.58,0.41,0.31,0.45,0.24,0.39
420,420,4.611732482910156,48.5,0.04,0.56,0.24,0.29,0.23,0.23,0.22,0.22,0.27
421,421,4.620208740234375,100.0,0.07,0.81,0.25,0.25,0.22,0.24,0.21,0.26,0.21
422,422,4.613090515136719,66.0,1.02,0.45,0.23,0.22,0.59,2.6,0.21,0.2,0.19
423,423,4.613121032714844,89.1,0.05,0.03,0.03,0.02,0.02,0.02,0.04,1.14,0.03
424,424,4.617397308349609,100.0,0.06,0.77,0.59,0.23,0.23,0.23,0.22,0.21,0.28
425,425,4.613857269287109,52.6,0.05,0.03,0.03,0.03,0.02,0.02,0.03,1.1,0.03
426,426,4.575038909912109,60.4,0.06,0.48,0.14,0.13,0.13,0.18,0.13,0.13,0.13
427,427,4.575038909912109,7.5,2.33,0.31,0.28,0.24,0.27,0.25,0.28,0.23,0.22
428,428,4.576930999755859,43.6,0.05,0.56,0.23,0.28,0.22,0.24,0.21,0.22,0.27
429,429,4.584327697753906,100.0,0.06,0.87,0.23,0.23,0.22,0.23,0.2,0.26,0.21
430,430,4.574581146240234,64.3,0.07,1.04,0.18,0.23,0.17,0.18,0.22,0.17,0.16
431,431,4.572696685791016,89.0,0.04,0.54,0.22,0.28,0.22,0.28,0.22,0.21,0.22
432,432,4.578304290771484,100.0,0.05,0.81,0.23,0.23,0.22,0.28,0.22,0.22,0.22
433,433,4.572940826416016,59.4,0.1,1.48,0.25,0.27,0.64,0.24,0.55,0.52,0.35
434,434,4.5735931396484375,54.6,0.12,1.01,0.42,0.3,0.57,0.74,1.34,0.26,0.23
435,435,4.573589324951172,5.6,1.66,1.2,0.8,0.69,0.87,0.57,0.86,0.56,0.49
436,436,4.573833465576172,50.0,0.06,0.03,0.03,0.02,0.02,0.02,0.03,0.02,0.02
437,437,4.579349517822266,100.0,0.04,1.03,0.36,0.23,0.28,0.31,0.26,0.23,0.22
438,438,4.574665069580078,73.2,0.07,0.05,0.03,1.31,0.21,0.16,0.15,0.16,0.16
439,439,4.575782775878906,82.8,0.05,0.03,0.02,0.02,0.02,0.02,0.03,0.03,0.35
440,440,4.582668304443359,100.0,0.04,0.81,0.22,0.23,0.34,0.24,0.27,0.2,0.2
441,441,4.580024719238281,61.5,0.06,0.03,0.91,0.13,0.12,0.14,0.14,0.13,0.13
442,442,4.580352783203125,55.7,0.06,0.56,0.14,0.2,0.14,0.14,0.15,0.2,0.15
443,443,4.580352783203125,6.6,0.1,1.53,0.26,0.35,0.75,0.64,0.54,0.36,0.25
444,444,4.579921722412109,43.2,0.06,0.03,0.02,0.02,0.02,0.02,0.03,1.15,0.03
445,445,4.58447265625,100.0,0.06,0.83,0.23,0.23,0.22,0.22,0.22,0.28,0.21
446,446,4.580711364746094,70.7,1.87,1.12,1.43,0.42,0.37,0.45,0.85,0.3,0.89
447,447,4.581516265869141,85.0,0.06,0.03,0.03,0.02,0.02,0.02,0.93,0.03,0.02
448,448,4.584148406982422,100.0,0.06,0.85,0.23,0.23,0.22,0.26,0.21,0.32,0.22
449,449,4.581966400146484,59.4,1.8,1.18,0.47,0.44,0.41,0.43,0.31,0.31,0.34
450,450,4.582817077636719,95.0,0.04,0.03,0.03,0.03,0.02,0.02,0.05,1.19,0.03
451,451,4.586673736572266,100.0,0.05,0.85,0.23,0.22,0.22,0.23,0.21,0.3,0.32
452,452,4.583473205566406,53.1,0.04,0.54,0.14,0.14,0.14,0.14,0.13,0.13,0.18
453,453,4.585254669189453,59.4,0.07,0.04,0.03,0.03,1.5,0.16,0.16,0.25,0.16
454,454,4.592723846435547,58.2,0.11,0.04,0.03,0.03,0.02,1.27,0.17,0.13,0.16
455,455,4.592678070068359,55.2,0.05,0.7,0.23,0.29,0.22,0.29,0.21,0.21,0.22
456,456,4.600818634033203,100.0,0.05,1.06,0.27,0.24,0.34,0.24,0.21,0.22,0.21
457,457,4.591888427734375,65.7,1.27,0.98,0.7,0.66,0.63,0.59,0.5,0.43,0.41
458,458,4.595775604248047,93.0,0.04,0.88,0.16,0.17,0.12,0.11,0.12,0.13,0.15
459,459,4.599155426025391,100.0,0.06,0.82,0.23,0.22,0.22,0.24,0.21,0.25,0.21
460,460,4.595561981201172,53.7,0.05,0.03,0.03,0.02,0.02,0.02,0.03,1.09,0.03
461,461,4.568691253662109,60.2,0.09,0.7,0.21,0.2,0.37,0.19,0.19,0.2,0.19
462,462,4.568687438964844,6.7,0.07,1.12,0.19,0.18,0.18,0.18,0.16,0.17,0.18
463,463,4.565753936767578,44.3,0.05,0.03,0.03,0.02,0.02,0.03,0.96,0.03,0.02
464,464,4.580055236816406,100.0,0.05,0.87,0.41,0.22,0.33,0.23,0.33,0.21,0.2
465,465,4.566978454589844,77.6,0.1,1.4,0.32,0.38,0.24,0.6,0.24,0.33,0.31
466,466,4.5658416748046875,81.8,0.04,0.57,0.23,0.26,0.22,0.22,0.21,0.22,0.28
467,467,4.568809509277344,100.0,0.05,0.67,0.29,0.36,0.24,0.36,0.2,0.21,0.21
468,468,4.566471099853516,62.5,0.06,0.86,0.2,0.13,0.12,0.13,0.23,0.12,0.13
469,469,4.566524505615234,53.6,0.1,0.82,0.24,0.24,0.23,0.23,0.23,0.32,0.74
470,470,4.5666351318359375,8.6,0.15,1.3,0.3,0.22,0.21,0.22,0.42,0.48,0.88
471,471,4.566722869873047,48.4,0.06,0.03,0.02,0.02,0.02,0.02,0.02,1.53,0.03
472,472,4.571109771728516,100.0,0.06,0.9,0.25,0.33,0.23,0.33,0.22,0.22,0.21
473,473,4.569061279296875,76.5,2.32,1.75,0.62,0.6,0.53,0.55,0.4,0.41,0.52
474,474,4.572353363037109,83.0,0.05,0.03,0.02,0.02,0.02,0.02,0.02,0.02,1.23
475,475,4.578418731689453,100.0,0.05,0.81,0.22,0.26,0.21,0.3,0.21,0.22,0.2
476,476,4.575099945068359,56.3,0.06,0.03,0.04,0.03,0.03,1.21,0.13,0.25,0.12
477,477,4.574127197265625,59.2,0.09,0.87,0.22,0.21,0.21,0.21,0.21,0.21,0.21
478,478,4.574153900146484,8.7,0.06,0.03,0.03,0.03,0.07,1.26,0.13,0.13,0.17
479,479,4.5746002197265625,41.3,0.05,0.03,0.02,0.02,0.02,0.02,0.05,1.07,0.03
480,480,4.585300445556641,100.0,0.04,0.67,0.12,0.12,0.12,0.17,0.11,0.12,0.11
481,481,4.575145721435547,91.9,1.43,0.65,0.8,0.51,0.52,0.5,0.49,0.4,0.39
482,482,4.571773529052734,73.5,0.06,0.03,0.02,0.02,0.02,0.02,0.03,1.08,0.03
483,483,4.585643768310547,100.0,0.06,0.85,0.25,0.24,0.23,0.25,0.21,0.3,0.21
484,484,4.572296142578125,78.0,0.06,0.03,0.03,0.02,0.02,1.33,0.15,0.13,0.13
485,485,4.574668884277344,55.3,0.06,0.03,0.03,0.03,0.9,0.17,0.03,0.25,0.03
486,486,4.575031280517578,8.8,0.07,0.94,0.17,0.16,0.16,0.16,0.16,0.17,0.16
487,487,4.575069427490234,29.0,0.37,0.15,0.17,0.12,0.11,0.11,0.12,0.12,0.11
488,488,4.5780792236328125,100.0,0.04,0.79,0.22,0.21,0.22,0.3,0.22,0.28,0.22
489,489,4.575496673583984,87.8,1.57,0.97,0.3,0.43,0.28,1.76,0.29,0.25,0.22
490,490,4.575321197509766,72.4,0.05,0.03,0.02,0.02,0.02,0.02,0.02,1.27,0.03
491,491,4.577556610107422,100.0,0.05,0.8,0.23,0.34,0.22,0.73,0.36,0.2,0.2
492,492,4.575897216796875,76.0,0.08,0.05,1.28,0.27,0.19,0.19,0.19,0.18,0.42
493,493,4.575786590576172,56.7,0.16,1.65,1.26,0.41,0.42,0.29,0.29,0.29,0.26
494,494,4.575889587402344,6.4,0.2,1.52,0.27,0.34,0.26,0.36,0.74,0.87,0.52
495,495,4.575920104980469,31.6,0.05,0.03,0.02,0.04,0.02,0.02,0.03,1.06,0.03
496,496,4.576118469238281,100.0,0.05,1.72,0.15,0.13,0.12,0.59,0.12,0.17,0.12
497,497,4.5755615234375,88.0,0.09,0.03,0.03,0.97,0.13,0.12,0.16,0.12,0.12
498,498,4.576026916503906,54.2,0.16,0.05,0.89,0.19,0.26,0.19,0.19,0.39,0.18
499,499,4.575977325439453,6.6,1.96,1.06,1.07,1.63,0.43,0.29,0.37,1.54,0.26
500,500,4.575725555419922,22.1,0.04,0.03,0.02,0.02,0.02,0.02,0.04,1.06,0.03
501,501,4.5756072998046875,100.0,0.05,0.03,0.02,0.02,0.02,0.02,0.02,1.07,0.02
502,502,4.581111907958984,100.0,0.05,0.87,0.22,0.21,0.23,0.3,0.21,0.36,0.22
503,503,4.578559875488281,55.7,0.05,0.03,0.03,0.03,0.02,0.02,0.02,1.07,0.03
504,504,4.579292297363281,99.0,0.05,0.03,0.02,0.02,0.02,0.02,0.05,0.02,1.24
505,505,4.585296630859375,100.0,0.06,0.86,0.22,0.21,0.21,0.23,0.2,0.21,0.3
506,506,4.582798004150391,54.6,0.04,0.03,0.02,0.02,0.02,0.02,0.05,1.07,0.03
507,507,4.583065032958984,13.0,0.09,1.3,0.23,0.23,0.48,0.85,0.22,0.23,0.22
508,508,4.583065032958984,7.7,1.3,0.65,0.64,0.76,0.24,0.63,0.37,0.25,0.2
509,509,4.584125518798828,87.3,0.05,0.03,0.02,0.02,0.02,0.02,0.06,1.11,0.02
510,510,4.5881805419921875,100.0,0.05,0.81,0.22,0.22,0.22,0.32,0.21,0.21,0.21
511,511,4.5844573974609375,53.7,0.06,0.03,0.02,0.02,0.02,0.02,0.03,1.24,0.02
512,512,4.586566925048828,100.0,0.05,0.03,0.05,0.02,0.02,0.83,0.03,0.03,0.36
513,513,4.591636657714844,100.0,0.04,0.87,0.22,0.22,0.23,0.27,0.21,0.21,0.2
514,514,4.590015411376953,55.7,0.05,0.03,0.02,0.02,0.02,0.02,0.03,1.2,0.03
515,515,4.590793609619141,26.3,0.09,1.12,0.21,0.27,0.2,0.19,0.4,0.19,0.2
516,516,4.590900421142578,6.4,0.1,1.36,0.23,0.22,0.31,0.22,0.6,0.58,0.49
517,517,4.591022491455078,75.3,0.06,0.03,0.03,0.02,0.02,0.02,0.02,1.11,0.03
518,518,4.594612121582031,100.0,0.05,0.77,0.22,0.29,0.31,0.23,0.53,0.26,0.21
519,519,4.5919189453125,56.6,0.08,0.04,1.06,0.14,0.13,0.12,0.12,0.12,0.12
520,520,4.593055725097656,97.0,0.04,0.03,0.03,0.02,0.02,0.02,0.05,1.17,0.03
521,521,4.597221374511719,100.0,0.06,0.84,0.22,0.22,0.21,0.25,0.27,0.21,0.21
522,522,4.5937652587890625,61.1,0.11,1.7,0.36,0.52,0.28,0.43,0.23,0.24,0.45
523,523,4.598621368408203,52.6,0.14,0.92,0.39,0.38,1.14,1.42,0.39,0.28,0.55
524,524,4.598621368408203,7.6,0.11,1.76,0.82,0.55,0.24,0.35,0.23,0.28,0.25
525,525,4.599082946777344,50.5,0.05,0.03,0.03,0.02,0.02,0.02,0.04,1.14,0.03
526,526,4.6037750244140625,100.0,0.04,0.61,0.22,0.22,0.22,0.25,0.31,0.22,0.21
527,527,4.599449157714844,75.8,1.3,0.6,0.41,0.29,0.32,0.23,0.31,0.23,0.32
528,528,4.576099395751953,82.4,0.04,0.03,0.02,0.02,0.02,0.02,0.02,0.02,0.02
529,529,4.584934234619141,100.0,0.05,0.57,0.24,0.33,0.21,0.29,0.22,0.22,0.22
530,530,4.573528289794922,87.9,1.25,0.68,0.29,0.29,1.02,0.26,0.23,0.22,0.35
531,531,4.559825897216797,57.7,0.06,0.03,0.04,0.03,0.84,0.03,0.29,0.03,0.02
532,532,4.559825897216797,6.6,0.08,0.15,1.37,0.26,0.19,0.18,0.25,0.19,0.59
533,533,4.560321807861328,19.6,0.05,0.03,0.03,0.02,0.02,0.02,0.03,1.41,0.03
534,534,4.561347961425781,100.0,0.05,0.03,0.02,0.02,0.02,0.02,0.05,1.11,0.03
535,535,4.567935943603516,100.0,0.05,0.82,0.25,0.21,0.21,0.21,0.22,0.3,0.2
536,536,4.559333801269531,56.1,0.04,0.03,0.02,0.02,0.02,0.02,0.03,1.14,0.03
537,537,4.559345245361328,100.0,0.06,0.03,0.02,0.02,0.02,0.02,1.14,0.03,0.02
538,538,4.5661468505859375,100.0,0.05,0.85,0.29,0.22,0.22,0.23,0.23,0.27,0.23
539,539,4.561237335205078,56.2,0.05,0.44,0.2,0.13,0.12,0.12,0.12,0.12,0.13
540,540,4.561244964599609,19.4,1.44,0.96,0.64,0.66,0.59,0.57,0.56,0.58,0.52
541,541,4.561214447021484,7.7,0.05,0.03,0.03,0.03,0.06,1.26,0.13,0.13,0.17
542,542,4.561534881591797,96.0,0.08,0.03,0.02,0.02,0.02,0.02,0.99,0.03,0.02
543,543,4.566658020019531,100.0,0.04,0.88,0.23,0.35,0.21,0.38,0.2,0.2,0.21
544,544,4.559928894042969,56.7,0.05,0.03,0.02,0.02,0.02,0.02,0.03,1.18,0.03
545,545,4.563823699951172,100.0,0.05,0.03,0.02,0.02,0.02,0.02,0.02,1.14,0.03
546,546,4.570465087890625,100.0,0.05,0.82,0.23,0.23,0.21,0.24,0.21,0.28,0.3
547,547,4.565101623535156,57.6,0.05,0.03,0.04,0.02,0.02,0.06,1.08,0.03,0.02
548,548,4.566108703613281,100.0,0.06,0.03,0.02,0.02,0.02,0.02,0.04,1.18,0.03
549,549,4.571773529052734,100.0,0.06,0.85,0.29,0.22,0.27,0.25,0.31,0.22,0.22
550,550,4.5667877197265625,100.0,0.06,1.83,0.13,0.12,0.21,0.12,0.28,0.12,0.17
551,551,4.570400238037109,100.0,0.05,0.86,0.22,0.22,0.21,0.25,0.21,0.37,0.2
552,552,4.570472717285156,93.9,0.06,0.78,0.13,0.12,0.12,0.13,0.13,0.12,0.12
553,553,4.570686340332031,30.9,0.05,0.03,0.02,0.02,0.02,0.02,0.03,1.27,0.03
554,554,4.581443786621094,100.0,0.53,0.61,0.22,0.26,0.23,0.71,0.23,0.26,0.21
555,555,4.570915222167969,84.5,0.07,0.04,0.05,1.2,0.15,0.26,0.14,0.14,0.14
556,556,4.542835235595703,71.4,0.05,0.03,0.02,0.02,0.02,0.02,0.02,1.19,0.03
557,557,4.5472259521484375,100.0,0.05,0.75,0.23,0.23,0.3,0.24,0.31,0.22,0.21
558,558,4.54315185546875,74.7,0.12,0.61,0.3,0.24,0.23,0.23,1.88,0.81,0.2
559,559,4.545646667480469,58.8,0.07,0.04,0.04,1.04,0.13,0.13,0.26,0.13,0.12
560,560,4.545642852783203,14.0,0.09,1.3,0.23,0.22,0.23,0.22,0.29,0.22,0.3
561,561,4.545490264892578,12.0,0.04,0.41,0.13,0.12,0.12,0.12,0.16,0.12,0.12
562,562,4.545627593994141,89.2,0.05,0.03,0.02,0.02,0.02,0.02,0.97,0.03,0.03
563,563,4.552410125732422,100.0,0.61,0.51,0.22,0.27,0.22,0.29,0.21,0.21,0.24
564,564,4.543769836425781,53.1,0.05,0.03,0.03,0.02,0.02,0.06,1.11,0.03,0.02
565,565,4.5442047119140625,100.0,0.05,0.02,0.02,0.02,0.02,0.02,1.23,0.03,0.26
566,566,4.5511932373046875,100.0,0.07,0.86,0.29,0.21,0.21,0.23,0.26,0.27,0.21
567,567,4.548255920410156,54.2,0.06,0.03,0.02,0.02,0.02,0.02,0.02,1.05,0.03
568,568,4.5498046875,18.9,2.01,1.25,0.85,1.17,0.45,0.6,0.57,0.56,0.26
569,569,4.549827575683594,5.6,0.06,0.03,0.02,0.02,0.02,0.03,1.28,0.14,0.29
570,570,4.5503997802734375,78.6,0.04,0.03,0.02,0.02,0.02,0.02,0.03,1.25,0.03
571,571,4.554557800292969,100.0,0.05,0.79,0.22,0.29,0.22,0.3,0.21,0.2,0.22
572,572,4.5506744384765625,55.8,0.05,0.03,0.02,0.02,0.02,0.02,0.96,0.03,0.02
573,573,4.551670074462891,100.0,0.05,0.03,0.02,0.02,0.02,0.02,0.06,1.18,0.03
574,574,4.556495666503906,100.0,0.05,1.16,0.27,0.23,0.36,0.23,0.27,0.22,0.27
575,575,4.552070617675781,56.7,1.56,0.87,0.68,0.82,0.75,0.57,0.59,0.47,1.95
576,576,4.558216094970703,60.8,0.11,0.97,0.27,0.27,0.35,0.26,0.6,0.32,0.32
577,577,4.558216094970703,4.2,0.08,0.09,0.05,1.07,0.13,0.17,0.12,0.12,0.12
578,578,4.558528900146484,15.8,0.05,0.03,0.03,0.02,0.02,0.02,1.15,0.03,0.02
579,579,4.562255859375,100.0,0.06,0.03,0.02,0.02,0.02,0.02,0.03,1.13,0.03
580,580,4.5712127685546875,100.0,0.05,0.86,0.24,0.23,0.3,0.24,0.21,0.21,0.33
581,581,4.568782806396484,52.1,0.05,0.03,0.02,0.02,0.02,0.02,0.03,0.02,0.02
582,582,4.573101043701172,100.0,0.06,0.03,0.03,0.02,0.02,0.02,0.03,1.09,0.03
583,583,4.579933166503906,100.0,0.05,0.74,0.22,0.22,0.32,0.23,0.32,0.21,0.21
584,584,4.580814361572266,53.1,0.06,0.03,0.02,0.02,0.02,0.02,0.99,0.03,0.02
585,585,4.582324981689453,27.1,0.07,0.05,0.03,0.92,0.13,0.13,0.13,0.19,0.12
586,586,4.582324981689453,3.2,0.08,0.06,1.09,0.16,0.15,0.15,0.17,0.16,0.15
587,587,4.582477569580078,60.4,0.04,2.45,0.33,0.31,0.12,0.16,0.23,0.21,0.13
588,588,4.585601806640625,100.0,0.06,0.84,0.24,0.24,0.24,0.26,0.23,0.23,0.22
589,589,4.582553863525391,69.8,0.06,0.03,0.03,0.03,0.03,1.35,0.19,0.03,0.28
590,590,4.584434509277344,83.0,0.05,0.03,0.02,0.02,0.02,0.02,0.97,0.03,0.02
591,591,4.5890655517578125,100.0,0.05,0.86,0.22,0.22,0.22,0.35,0.26,0.26,0.22
592,592,4.584754943847656,81.6,0.06,0.03,0.03,0.02,0.02,0.02,1.28,0.22,0.03
593,593,4.590564727783203,60.0,0.06,0.03,0.03,0.02,0.02,0.93,0.03,0.03,0.37
594,594,4.590564727783203,1.1,0.08,0.07,1.45,0.24,0.17,0.16,0.24,0.17,0.16
595,595,4.590595245361328,7.3,0.19,1.39,0.35,0.23,0.31,0.22,0.58,0.31,0.19
596,596,4.590885162353516,75.3,0.07,0.04,0.04,0.04,1.34,0.04,0.04,0.52,0.04
597,597,4.596065521240234,100.0,0.08,0.95,0.32,0.24,0.27,0.24,0.27,0.22,0.22
598,598,4.59161376953125,64.3,0.06,0.03,0.03,0.03,0.03,1.23,0.13,0.18,0.12
599,599,4.594234466552734,89.0,0.06,0.54,0.13,0.13,0.18,0.12,0.12,0.3,0.6
